"Term","Overlap","P.value","Adjusted.P.value","Old.P.value","Old.Adjusted.P.value","Odds.Ratio","Combined.Score","Genes"
"Oxidative Phosphorylation","152/200",4.31038782220906e-71,2.15519391110453e-69,0,0,14.6407744012118,2372.13507129994,"ISCA1;MTRR;ACAA2;ECI1;PHB2;MTRF1;MPC1;PDK4;PMPCA;PDHX;PHYH;ECH1;SDHC;SDHD;SDHA;ATP1B1;SDHB;COX6B1;AFG3L2;OXA1L;FDX1;UQCRC1;VDAC3;VDAC2;SUCLG1;VDAC1;UQCRC2;ISCU;UQCRB;ABCB7;COX15;MGST3;COX17;ATP5MC2;ATP5MC3;MRPL15;UQCRH;ATP5MC1;ACAT1;TIMM50;PRDX3;GRPEL1;COX11;CYC1;NDUFV2;NDUFV1;ATP6V1D;COX10;DECR1;ATP5ME;HSPA9;PDHA1;IDH2;GOT2;ACADSB;CS;ALDH6A1;UQCRQ;OGDH;CYCS;ACO2;GPI;COX7B;MRPS15;SLC25A3;ACADVL;ALAS1;MRPS11;COX4I1;HCCS;ETFA;ETFB;MRPL34;COX7C;MRPL35;AIFM1;OPA1;NNT;IDH3B;TIMM17A;UQCRFS1;ACADM;DLAT;IDH3A;COX8A;TOMM70;BCKDHA;MRPS22;NDUFC2;NDUFC1;HADHB;SUPV3L1;HADHA;NDUFS8;NDUFS7;NDUFS6;NDUFS4;NDUFS3;NDUFS2;NDUFS1;SLC25A12;DLD;SLC25A11;SLC25A4;FXN;FH;NDUFB8;ECHS1;NDUFB7;NDUFB6;NDUFB5;NDUFB4;NDUFB3;TIMM13;NDUFB2;ETFDH;DLST;NDUFB1;UQCR11;UQCR10;MRPS30;PDHB;COX5B;COX5A;ATP5F1A;ATP5F1B;MFN2;SLC25A20;NDUFA9;TIMM8B;ATP5PF;NDUFA8;NDUFA7;ATP5PD;NDUFA6;MDH1;NDUFA5;ATP5PB;MTX2;MDH2;NDUFA4;NDUFA3;NDUFA2;NDUFA1;IMMT;ATP5F1C;COX6C;ATP5F1D;LRPPRC;SUCLA2;NDUFAB1;ATP5PO"
"Myogenesis","115/200",3.01253325234946e-35,7.53133313087365e-34,0,0,6.17607380220216,490.921882532098,"EIF4A2;ENO3;COX6A2;SLN;AKT2;MYOZ1;LARGE1;PPFIA4;MEF2A;GABARAPL2;CHRNB1;MEF2C;ACTN3;ACTN2;TPM3;DAPK2;TPM2;IFRD1;TSC2;ADCY9;PPP1R3C;MYL1;BIN1;MYL2;MYL3;CHRNA1;FLII;AK1;PSEN2;FOXO4;COX7A1;BAG1;DTNA;DMPK;CAV3;MYLPF;REEP1;SMTN;SLC6A8;PKIA;FXYD1;HRC;SSPN;MYF6;RYR1;MYOM1;ACHE;SCHIP1;HSPB8;FHL1;HSPB2;MYL6B;PYGM;ATP2A1;LDB3;MYOM2;CSRP3;SGCD;SGCA;MB;SPEG;ANKRD2;NOS1;SGCG;MYOG;TEAD4;TNNC1;TNNC2;PGAM2;SIRT2;ACTA1;MYH1;MYH2;PTP4A3;MRAS;MYH3;TNNT1;TNNT2;TNNT3;CASQ2;MYH8;PICK1;ITGA7;MAPRE3;CASQ1;CRYAB;MYH7;CAMK2B;HDAC5;CTF1;CKMT2;CHRNG;TNNI1;TNNI2;DMD;NCAM1;CACNG1;MEF2D;SH3BGR;PDLIM7;SH2B1;SVIL;CKM;AGL;MYBPH;PDE4DIP;TPD52L1;MAPK12;FABP3;ACTC1;DES;TCAP;LPIN1;CRAT;PFKM"
"Adipogenesis","82/200",6.51652016957064e-14,1.08608669492844e-12,0,0,3.13669767639438,95.2359468076486,"COX7B;MTCH2;RNF11;ACAA2;GBE1;HSPB8;ARAF;GHITM;ETFB;GPHN;AIFM1;CPT2;NKIRAS1;DBT;ACADM;DLAT;HADH;ACADS;PGM1;YWHAG;HIBCH;IDH3A;COX8A;BCKDHA;PHYH;MIGA2;DGAT1;MCCC1;ECH1;SDHC;CMBL;SDHB;PPM1B;TST;UQCRC1;NDUFS3;ITGA7;SUCLG1;PREB;ALDOA;DLD;ECHS1;NDUFB7;MGST3;ATL2;UQCR11;MRPL15;UQCR10;TOB1;AGPAT3;PRDX3;BCL2L13;SAMM50;GRPEL1;DHRS7B;G3BP2;CYC1;MAP4K3;DECR1;ESRRA;PTCD3;NDUFA5;MDH2;VEGFB;CHCHD10;IMMT;COQ9;PEX14;COQ5;SOD1;CS;QDPR;COQ3;DHRS7;UCK1;BCL6;UQCRQ;NDUFAB1;SSPN;ATP5PO;ACO2;CRAT"
"Fatty Acid Metabolism","56/158",2.47711106430769e-07,3.09638883038462e-06,0,0,2.46277111895353,37.461218049307,"ACADVL;ACAA2;ECI1;ECI2;HCCS;ENO3;MCEE;CPT2;AUH;IDH3B;MLYCD;ACADM;HADH;ACADS;HIBCH;ACOT8;HSDL2;ADSL;ECH1;SDHC;SDHD;SDHA;HADHB;ACOT2;SUCLG2;SUCLG1;PPARA;ALDOA;DLD;GCDH;IDI1;FH;SLC22A5;ECHS1;ADH1C;ODC1;ETFDH;DLST;PDHB;BPHL;PTS;HMGCL;TP53INP2;D2HGDH;ACSS1;DECR1;PDHA1;MDH1;MDH2;UROS;PRDX6;GSTZ1;GRHPR;SUCLA2;ACO2;CRAT"
"Reactive Oxygen Species Pathway","14/49",0.0536978734263804,0.472339114338334,0,0,1.78103306914458,5.20842083375134,"NDUFA6;TXNRD2;NDUFB4;TXNRD1;OXSR1;PRDX6;SOD1;PTPA;PRDX2;STK25;NDUFS2;MBP;GCLM;LAMTOR5"
"Myc Targets V1","46/200",0.0566806937206001,0.472339114338334,0,0,1.33192613837775,3.82305639786995,"YWHAE;HDDC2;SLC25A3;HSP90AB1;GLO1;ODC1;CUL1;PHB;PHB2;COX5A;GSPT1;PSMA7;PSMD8;PRDX3;EXOSC7;PSMD7;PCBP1;C1QBP;RUVBL2;PSMD3;POLD2;SNRPD3;CYC1;CCT7;TOMM70;STARD7;VBP1;PABPC4;CNBP;IFRD1;GOT2;MRPS18B;RAD23B;TUFM;AIMP2;RSL1D1;PSMC6;COPS5;IMPDH2;HNRNPA2B1;SERBP1;NDUFAB1;EIF3J;POLE3;VDAC3;VDAC1"
"Pperoxisome","24/104",0.132961259780564,0.949723284146882,0,0,1.33573581803234,2.6951107846875,"IDI1;FIS1;ACOT8;CTBP1;ABCC8;ABCB4;CNBP;ECI2;ECH1;IDH2;PEX13;PEX14;SOD1;GNPAT;HMGCL;PRDX5;PEX6;PEX5;NUDT19;MLYCD;HRAS;SLC25A4;RXRG;CRAT"
"KRAS Signaling Dn","42/200",0.18938548737597,0.999996090192148,0,0,1.18372035461166,1.96967601709703,"PNMT;RYR1;PRKN;CNTFR;KCNE2;THRB;SMPX;ARHGDIG;CCDC106;SNN;CAPN9;FGGY;CHRNG;TNNI3;NOS1;CACNG1;SYNPO;PRODH;SLC38A3;SLC25A23;SNCB;PDK2;GAMT;ARPP21;CKM;EGF;ZBTB16;PAX3;THNSL2;FGF16;P2RX6;AKR1B10;ACTC1;STAG3;GDNF;MYOT;YPEL1;COQ8A;ITGB1BP2;CPEB3;GPRC5C;MYH7"
"Bile Acid Metabolism","24/112",0.23277754272379,0.999996090192148,0,0,1.21370736690002,1.76918728587571,"IDI1;PHYH;PEX19;ABCA5;IDH2;PEX1;PEX12;PEX13;NR3C2;SOD1;GNMT;GNPAT;PEX7;PRDX5;RXRA;PEX6;NEDD4;PXMP2;MLYCD;GCLM;RXRG;PFKM;OPTN;NUDT12"
"heme Metabolism","41/200",0.241402203637789,0.999996090192148,0,0,1.14788186074862,1.63147397613459,"ISCA1;ALDH1L1;USP15;NARF;ABCB6;FECH;MGST3;GDE1;ENDOD1;MOSPD1;FOXO3;PRDX2;NNT;DCAF11;MARK3;MAP2K3;FN3K;RBM38;UROS;GLRX5;FBXO34;RAD23A;VEZF1;ANK1;SPTB;UBAC1;SLC25A38;RNF123;KAT2B;ALDH6A1;SLC6A8;XK;TFDP2;HMBS;TMCC2;ATG4A;HAGH;GCLM;OPTN;EZH1;NFE2L1"
"PI3K/AKT/mTOR  Signaling","22/105",0.281610600179246,0.999996090192148,0,0,1.17930390419525,1.49444930151968,"MAP2K3;PLA2G12A;DUSP3;PRKAA2;CAB39;MAPKAP1;PRKAG1;TSC2;ADCY2;PTPN11;ECSIT;RPTOR;MAPK9;PRKAR2A;AKT1S1;MKNK2;PIN1;PITX2;RAF1;SQSTM1;HRAS;MAP2K6"
"UV Response Up","32/158",0.298794507169138,0.999996090192148,0,0,1.13005758927209,1.36510867380752,"RET;ALAS1;RRAD;CEBPG;CLTB;RXRB;CYB5R1;STIP1;PPP1R2;PDLIM3;GRPEL1;PRKACA;KLHDC3;DGAT1;PARP2;PLCL1;PDAP1;HSPA2;TUBA4A;CDC34;SLC6A8;EIF5;TST;PSMC3;STK25;POLE3;SELENOW;PPIF;FKBP4;ALDOA;SQSTM1;SLC25A4"
"Myc Targets V2","10/58",0.640431151923175,0.999996090192148,0,0,0.925869050869051,0.412579891406867,"SUPV3L1;AIMP2;EXOSC5;NDUFAF4;TMEM97;TFB2M;PHB;SLC29A2;TBRG4;UNG"
"mTORC1 Signaling","35/200",0.652909053380389,0.999996090192148,0,0,0.942359271661086,0.401744187047054,"GPI;IDI1;PSMD12;GBE1;USO1;ATP2A2;TMEM97;VLDLR;UNG;ATP5MC1;STIP1;PSMB5;SLC37A4;ABCF2;ATP6V1D;PGM1;MAP2K3;HSPA9;TPI1;GOT1;TXNRD1;IFRD1;IMMT;PDAP1;UCHL5;TUBA4A;MLLT11;QDPR;PSMC6;COPS5;HMBS;CCNG1;ALDOA;SQSTM1;GAPDH"
"Glycolysis","35/200",0.652909053380389,0.999996090192148,0,0,0.942359271661086,0.401744187047054,"B4GALT2;PFKFB1;GAL3ST1;ABCB6;MPI;HDLBP;AK3;VLDLR;NOL3;ARPP19;GYS1;UGP2;FAM162A;GPC1;NDUFV3;SLC37A4;PPFIA4;TPI1;HOMER1;MDH1;GOT1;MDH2;AGL;PGAM2;GOT2;SDHC;SOD1;MED24;PKM;HAX1;RRAGD;ALDOA;FKBP4;DLD;FBP2"
"Unfolded Protein Response","19/113",0.702102390237742,0.999996090192148,0,0,0.897957935925654,0.317586198381409,"EIF4A2;TSPYL2;HSPA9;ZBTB17;TTC37;CEBPB;CEBPG;WIPI1;EEF2;LSM4;CNOT4;EXOSC5;BAG3;DNAJA4;BANF1;PREB;ATF4;EIF4G1;PAIP1"
"Hypoxia","34/200",0.719128638614491,0.999996090192148,0,0,0.909613722822038,0.299913310479381,"GPI;GBE1;HDLBP;NEDD4L;PYGM;VLDLR;FOXO3;ENO3;HK1;GYS1;PRDX5;UGP2;PHKG1;FAM162A;STBD1;GPC1;LARGE1;SLC37A4;PPARGC1A;PPFIA4;PGM1;JUN;DTNA;TPI1;PGAM2;KLHL24;JMJD6;GRHPR;PPP1R3C;RRAGD;BCL2;ALDOA;INHA;GAPDH"
"Estrogen Response Late","34/200",0.719128638614491,0.999996090192148,0,0,0.909613722822038,0.299913310479381,"RET;MOCS2;SLC22A5;ST6GALNAC2;SLC24A3;IGSF1;HSPB8;ETFB;TOB1;AFF1;SERPINA5;SLC2A8;PDLIM3;IMPA2;BAG1;NRIP1;LARGE1;FDFT1;SLC16A1;HOMER2;TNNC1;DCXR;AMFR;IDH2;DNAJC12;COX6C;TPD52L1;RABEP1;TST;PPIF;BCL2;MAPT;FKBP4;FKBP5"
"Apical Junction","33/200",0.778985733246489,0.999996090192148,0,0,0.877278410212542,0.21911129057376,"IRS1;AMIGO1;INPPL1;NEXN;PKD1;TRO;CDH4;AKT2;NRAP;ADAM23;MAP3K20;SYMPK;DHX16;SPEG;MADCAM1;FLNC;HADH;AMH;HRAS;TMEM8B;GAMT;ACTN3;ACTN2;CADM2;TSC1;MPP5;ACTA1;ACTC1;EXOC4;NF2;CDH15;CRAT;ARHGEF6"
"Hedgehog Signaling","5/36",0.816608949594644,0.999996090192148,0,0,0.716572272839202,0.145173917033364,"CNTFR;ACHE;TLE1;VLDLR;AMOT"
"Xenobiotic Metabolism","32/200",0.831170146508961,0.999996090192148,0,0,0.845345993382247,0.156322020158095,"ALAS1;ADH1C;SAR1B;ETFDH;ATP2A2;TMEM97;NDRG2;ARPP19;BPHL;PTS;CYP17A1;NFS1;ATOH8;PDK4;LONP1;PDLIM5;MCCC2;GSTM4;CYP2J2;HES6;ARG2;ABCC2;ENTPD5;DCXR;ECH1;DHPS;UPB1;GNMT;DHRS7;PINK1;MTHFD1;ACO2"
"Estrogen Response Early","31/200",0.875010939259144,0.999996090192148,0,0,0.813809305635437,0.108658915723451,"RET;SLC22A5;SLC24A3;MINDY1;HSPB8;ENDOD1;TOB1;AFF1;AKAP1;SYNGR1;PDLIM3;DEPTOR;P2RY2;BAG1;NRIP1;SLC19A2;FDFT1;SVIL;KDM4B;SLC16A1;AMFR;TPD52L1;REEP1;ADCY9;MED24;MPPED2;PPIF;BCL2;MAPT;FKBP4;FKBP5"
"DNA Repair","21/150",0.936193415698349,0.999996090192148,0,0,0.722038258743218,0.0476062807538898,"BRF2;POLR3GL;DCTN4;AK1;COX17;ADRM1;AK3;SNAPC5;POLB;NT5C3A;MRPL40;RRM2B;MPC2;POLR2C;IMPDH2;POLR2D;POLL;POLR2I;EIF1B;POLR2J;SAC3D1"
"Notch Signaling","3/32",0.949718417591883,0.999996090192148,0,0,0.459400544959128,0.0237003550646143,"PSEN2;CUL1;SKP1"
"p53 Pathway","28/200",0.958663956276935,0.999996090192148,0,0,0.721504450186621,0.0304580766424089,"RRAD;AK1;TRIAP1;FOXO3;RCHY1;TOB1;RXRA;FAM162A;SESN1;MKNK2;TNNI1;IER5;HRAS;SLC19A2;TSPYL2;JUN;TSC22D1;ZBTB16;DCXR;OSGIN1;WWP1;TPD52L1;BLCAP;MAPKAPK3;CCNG1;COQ8A;FGF13;ISCU"
"UV Response Dn","19/144",0.961533530443228,0.999996090192148,0,0,0.673974822112753,0.0264372295508753,"SMAD3;MIOS;IRS1;SFMBT1;SCHIP1;DYRK1A;MRPS31;NR1D2;VLDLR;KALRN;PEX14;DBP;RXRA;MTA1;DDAH1;TOGARAM1;PDLIM5;MAP2K5;CAP2"
"Wnt-beta Catenin Signaling","4/42",0.963381426558374,0.999996090192148,0,0,0.467329402820215,0.0174341271573838,"HDAC5;HDAC11;PSEN2;CUL1"
"Androgen Response","12/100",0.967919558165318,0.999996090192148,0,0,0.604864542723051,0.0197223924575585,"IDI1;RAB4A;TSC22D1;HOMER2;SRF;NGLY1;ADRM1;GPD1L;PDLIM5;MYL12A;FKBP5;NKX3-1"
"Apical Surface","4/44",0.9723312834422,0.999996090192148,0,0,0.443908421913328,0.012455495902837,"AKAP7;HSPB1;SLC2A4;TMEM8B"
"Spermatogenesis","17/135",0.972463120710966,0.999996090192148,0,0,0.638729462596892,0.0178353234918439,"PACRG;HSPA1L;PARP2;MAST2;PEBP1;HSPA2;PIAS2;ART3;MLF1;MTOR;PRKAR2A;NPHP1;VDAC3;TNNI3;NF2;NOS1;LPIN1"
"Cholesterol Homeostasis","8/74",0.973213409435713,0.999996090192148,0,0,0.537798172723139,0.014602236539014,"IDI1;GSTM2;PCYT2;ACSS2;GLDC;ECH1;TMEM97;FDFT1"
"Mitotic Spindle","26/199",0.982285135035045,0.999996090192148,0,0,0.665689275055434,0.0118982979309641,"YWHAE;RABGAP1;PCM1;KIF1B;SYNPO;PCNT;MARK4;PDLIM5;SAC3D1;CLASP1;CDK5RAP2;DST;MID1IP1;RANBP9;TSC1;SSH2;DYNLL2;CKAP5;LRPPRC;TUBA4A;ARHGAP10;CLIP1;ALS2;BIN1;TUBGCP5;KPTN"
"Protein Secretion","10/96",0.988710934336966,0.999996090192148,0,0,0.515557841139237,0.00585326780056476,"GOLGA4;DST;TSPAN8;BNIP3;USO1;GNAS;SSPN;KIF1B;DNM1L;SOD1"
"TGF-beta Signaling","4/54",0.993634520501812,0.999996090192148,0,0,0.354908694467157,0.00226638500916994,"PPM1A;SMAD3;NOG;HIPK2"
"G2-M Checkpoint","21/200",0.999238030466002,0.999996090192148,0,0,0.518745372551659,0.000395418837479184,"JPT1;HSPA8;SMAD3;CUL5;EGF;CUL3;ODC1;CBX1;CUL1;FOXN3;RAD23B;GSPT1;HOXC10;CUL4A;RPS6KA5;ORC6;RBL1;NSD2;MAP3K20;DMD;MNAT1"
"Angiogenesis","1/36",0.999329840697405,0.999996090192148,0,0,0.12676626206038,8.49820687184792e-05,"SERPINA5"
"Coagulation","12/138",0.999546769299869,0.999996090192148,0,0,0.421456536725589,0.000191060341692455,"F8;C8G;GDA;S100A1;HPN;PREP;S100A13;RGN;MSRB2;ISCU;SIRT2;SH2B2"
"Pancreas Beta Cells","1/40",0.999701277425182,0.999996090192148,0,0,0.113736662756271,3.39807844161572e-05,"ABCC8"
"IL-6/JAK/STAT3 Signaling","5/87",0.999846631562789,0.999996090192148,0,0,0.270051466872357,4.14205478241814e-05,"CNTFR;JUN;HAX1;PTPN11;INHBE"
"TNF-alpha Signaling via NF-kB","17/200",0.999969664809015,0.999996090192148,0,0,0.410206741519293,1.2443888592076e-05,"MAP2K3;JUN;CEBPB;SMAD3;TSC22D1;EIF1;PANX1;PER1;SNN;BCL6;TNIP1;DNAJB4;KLF9;TRIP10;PDLIM5;IER5;SQSTM1"
"IL-2/STAT5 Signaling","15/199",0.999991475071582,0.999996090192148,0,0,0.359760917108422,3.06694913862978e-06,"PHTF2;S100A1;ODC1;ITGAE;ENO3;IKZF4;PDCD2L;HIPK2;RRAGD;MAPKAPK2;BCL2;ETFBKMT;CAPN3;SLC29A2;PLEC"
"Complement","15/200",0.999991928955181,0.999996090192148,0,0,0.357794098089341,2.88778385531824e-06,"USP15;CEBPB;ACTN2;BRPF3;PREP;HPCAL4;ADRA2B;F8;ZEB1;FDX1;S100A13;CALM3;ZFPM2;RAF1;MSRB1"
"Apoptosis","10/161",0.999993556171215,0.999996090192148,0,0,0.292453802387577,1.88452830190541e-06,"JUN;PAK1;WEE1;SATB1;PSEN2;VDAC2;HSPB1;DNM1L;SQSTM1;SOD1"
"KRAS Signaling Up","14/200",0.999994116993221,0.999996090192148,0,0,0.332034429760761,1.9533665469675e-06,"MTMR10;PTCD2;SATB1;HDAC9;PTBP2;GADD45G;GPRC5B;AKT2;TNNT2;TSPAN7;CCSER2;SPRY2;SCN1B;CBR4"
"E2F Targets","12/200",0.99999505962925,0.999996090192148,0,0,0.281384576938053,1.39014756737638e-06,"JPT1;WEE1;POP7;ORC6;BRMS1L;POLD2;MLH1;IPO7;GSPT1;UNG;TBRG4;E2F8"
"Epithelial Mesenchymal Transition","12/200",0.99999505962925,0.999996090192148,0,0,0.281384576938053,1.39014756737638e-06,"IL32;JUN;SLC6A8;SGCD;DST;SGCB;GPC1;TPM2;TPM1;SGCG;PFN2;CAP2"
"Inflammatory Response","12/200",0.99999505962925,0.999996090192148,0,0,0.281384576938053,1.39014756737638e-06,"RNF144B;CSF3;SEMA4D;P2RY2;HPN;ADRM1;ATP2A2;KIF1B;RAF1;ROS1;SCN1B;KCNJ2"
"Allograft Rejection","9/200",0.999995140592647,0.999996090192148,0,0,0.207515032350991,1.00840252424508e-06,"IKBKB;ACHE;EIF3J;UBE2D1;MTIF2;APBB1;EIF4G3;HDAC9;RPL3L"
"Interferon Gamma Response","3/200",0.999995141501948,0.999996090192148,0,0,0.0669303863123971,3.25181941436217e-07,"RNF31;EIF4E3;SSPN"
"Interferon Alpha Response","2/97",0.999996090192148,0.999996090192148,0,0,0.0930880729472824,3.63957190082923e-07,"RNF31;GMPR"
