"Fibroid","Myeloid","Lymphoid","IFN_high","Vascular","Muscle","sample_id","cluster_bio"
-0.420375198630285,-1.30456216254248,-0.603953541665205,-0.0969053770101354,1.72733491350007,-0.220014651401171,"STRAPPAT00171-baseline","Fibroid"
0.219020702523811,-0.61211101894558,-0.920508924230919,-0.0298222673504965,1.73546853338976,-0.269059336867485,"STRAPPAT00151-baseline","Vascular"
-0.163913331965808,-0.374855795874297,-0.284545131275387,1.00866194508009,-1.05698459827073,-0.150179331265893,"STRAPPAT00076-baseline","IFN-high"
-1.39769704921469,-1.61348822924343,-1.74409734302134,-0.947174046085962,-0.734354903804153,-0.217115236758506,"STRAPPAT00074-baseline","Fibroid"
0.181190093761133,-0.710647658683609,-0.317299584815674,-0.537233565491918,1.32430309351399,-0.177571009137838,"STRAPPAT00071-baseline","Vascular"
-0.477230523492714,-1.25074089108626,-1.25256640905545,-1.39303757998374,1.01866215492065,-0.108258146418597,"STRAPPAT00069-baseline","Fibroid"
-0.555706484104543,-1.70730228942974,-1.51714178635727,-1.14660180363368,0.726073279091917,-0.287632199221073,"STRAPPAT00068-baseline","Fibroid"
0.143639055969715,0.761185164799724,0.442490656095803,2.40790214194628,-0.0955389731341562,-0.34578038428948,"STRAPPAT00083-baseline","Lymphoid"
-0.126958358364959,0.340927392393199,0.141485118926668,1.51951540751097,-0.525623870850977,1.46791062551284,"STRAPPAT00081-baseline","Lymphoid"
0.366135746632625,0.603802833275651,1.05772655689781,1.75847375986789,-0.0138498069783281,-0.294556330794111,"STRAPPAT00080-baseline","Lymphoid"
-0.369586442500117,0.323762347163738,-0.1579010433892,-0.923281423926793,-1.07399452478292,-0.227069886987898,"STRAPPAT00079-baseline","IFN-high"
-0.0967296894221098,-1.11319634900323,-1.2357028707498,-1.13968173848101,0.410908120183718,-0.14135295527928,"STRAPPAT00114-baseline","IFN-high"
-0.0751639543246811,0.241654210365631,0.022398387326001,0.469550441656367,-1.42675363505506,-0.225588234080551,"STRAPPAT00078-baseline","IFN-high"
0.449503884917206,-0.1602518660061,-0.434709980213847,-0.890498835252856,0.379644901953003,-0.245529793037749,"STRAPPAT00085-baseline","Vascular"
0.11758234589578,0.602163950300831,0.490694682053304,-0.256144336630014,0.280533912421784,-0.314186805652205,"STRAPPAT00084-baseline","Lymphoid"
0.302174429079745,0.633903228275081,0.0595835847500503,0.492740170048382,0.544291258691065,-0.299846428077944,"STRAPPAT00087-baseline","Vascular"
-0.648205739484582,-1.05503603003236,-1.2895167811243,-1.6200916569853,0.959569792737109,-0.208103948086896,"STRAPPAT00086-baseline","Vascular"
0.429137418378706,0.865211327299124,1.17449203113868,0.418028030445549,-0.00443288899497589,-0.235929935084953,"STRAPPAT00094-baseline","Lymphoid"
0.454548540132814,1.91620324238386,1.53836884928522,-0.639779834585255,-0.546367517366548,-0.115523535510374,"STRAPPAT00092-baseline","Lymphoid"
0.577800846274754,-0.870165496266043,-1.08895153137063,-1.45368213081116,0.655037328696356,-0.264750776423993,"STRAPPAT00091-baseline","Vascular"
-0.584944925931698,1.92355687754369,2.26901725389198,2.25754108855878,-2.53812147892172,1.44087584703271,"STRAPPAT00090-baseline","Lymphoid"
0.320612806840592,0.537847903076954,-0.0497558178631893,-0.749567430143568,0.665371245191566,-0.206653880125875,"STRAPPAT00089-baseline","Vascular"
0.014724016105203,-0.911204786747277,-0.79006507723365,-0.642482347716424,1.85089106850327,-0.132254265771541,"STRAPPAT00156-baseline","Vascular"
-0.022899758082741,-0.160845675937525,0.11264304081222,1.11857868373197,1.17499670255239,-0.250334810637061,"STRAPPAT00088-baseline","Vascular"
0.312805850714781,0.437531814651406,0.491155156250001,0.913206283609423,0.070251890776929,-0.234651736608075,"STRAPPAT00096-baseline","Lymphoid"
-0.300390287845104,0.492300749709684,-0.168343503484531,0.286127395320538,-2.23288649089574,-0.2227779664043,"STRAPPAT00107-baseline","IFN-high"
0.851861789390315,0.0593271263341998,0.0903186718496976,-0.0771586862217094,0.1125057823772,-0.112689417214895,"STRAPPAT00106-baseline","Lymphoid"
0.317334565250903,-0.112486127234297,-0.0664064813020677,0.369248994820789,-0.795773421948114,-0.191400875455024,"STRAPPAT00104-baseline","IFN-high"
-0.106213457282066,-0.0818637981343538,-0.0440577837489838,1.14787217682889,-0.132781778569531,-0.232446831897007,"STRAPPAT00103-baseline","IFN-high"
0.0305745977812361,0.0641896148421825,0.0737562228714672,0.754990644294972,-0.804993721848637,-0.268434540638069,"STRAPPAT00102-baseline","IFN-high"
0.121951232417672,-0.427279697977483,-0.406263050926236,-0.489178332744185,-0.566084977316995,-0.232652100554674,"STRAPPAT00100-baseline","Lymphoid"
0.509300313199487,0.287349521908167,0.296026842472285,0.988519329894638,-0.0773200166369526,-0.341825458247793,"STRAPPAT00099-baseline","Lymphoid"
0.164550640068902,-0.0591416353250801,-0.503695161585969,-0.52640545368834,-1.28494714209704,-0.155862302689635,"STRAPPAT00111-baseline","IFN-high"
0.264979228017031,-0.40637725278478,-0.58359016650208,-0.716085872193541,1.25028702270481,-0.200157654608639,"STRAPPAT00148-baseline","Vascular"
0.586368761615993,0.79221199059561,0.793091101433474,0.697312699326081,0.357816069155151,0.274969003362081,"STRAPPAT00110-baseline","Lymphoid"
0.372964070300165,0.721485179597284,0.488433900050623,-0.654641750616186,0.124838718292893,-0.140837077674805,"STRAPPAT00109-baseline","Lymphoid"
-0.247752324563898,-0.273823197894234,1.40873269026575,0.232540659407739,-0.781541763483375,-0.189932138710652,"STRAPPAT00108-baseline","IFN-high"
-0.252777452575728,1.17113442160813,1.06610059934398,1.68130442770683,-1.17141645872957,-0.310539370792146,"STRAPPAT00115-baseline","Lymphoid"
-0.108031755133879,-0.727509712776554,-1.39266641521862,-1.46185702136566,-0.288068451334041,5.02324235889539,"STRAPPAT00113-baseline","Myeloid"
-0.381889036888118,1.74133647124152,1.25414034765037,1.35177378992376,-2.1473548498,-0.306250605849697,"STRAPPAT00112-baseline","Lymphoid"
0.0677099761540063,-0.80133694308265,-0.924622623317013,-1.52713529146219,1.1803782320665,-0.221801514873124,"STRAPPAT00131-baseline","Vascular"
-0.582829933660164,-0.316538278114917,-0.263571310399143,1.10225032545535,-1.3173727910687,-0.0963938442029661,"STRAPPAT00129-baseline","IFN-high"
0.28601201360496,-0.671306499435479,-1.34164833103529,-1.68631134543571,0.319553633817975,-0.169334130488981,"STRAPPAT00126-baseline","IFN-high"
-0.00595906028479357,-0.383952096221462,0.199649774751472,1.02173324854634,-0.995780140026411,-0.052860937735138,"STRAPPAT00125-baseline","IFN-high"
-0.759440082682358,-1.9080483979624,-2.26253385127521,-1.00984961970361,0.327637272771468,-0.27785152963437,"STRAPPAT00117-baseline","Fibroid"
0.366549075981689,0.97129262327852,0.85616278935576,0.985156309986477,-0.718779373264521,-0.309739054981679,"STRAPPAT00122-baseline","Lymphoid"
-0.529544580188973,0.52071204389012,1.17212140524199,1.81146726679889,-0.172380080936365,-0.296248514012811,"STRAPPAT00119-baseline","Lymphoid"
-0.147324344688839,1.230874848448,0.875859045812689,-0.284699038474268,0.459721175504989,-0.311684332634275,"STRAPPAT00136-baseline","Lymphoid"
-0.66416959081243,0.610251208384582,-0.412970327783267,-1.1922234529682,-1.38999530144915,-0.196611947651139,"STRAPPAT00135-baseline","IFN-high"
-0.685859338089569,-1.1156208362748,-0.823115310545405,-1.02102081302708,0.732154560825565,-0.271034834262521,"STRAPPAT00133-baseline","Vascular"
0.440850903245303,0.582692278970338,0.717638493005188,-0.00129578882755654,0.214840327992116,-0.268733608336634,"STRAPPAT00142-baseline","Lymphoid"
-0.279553061443823,0.0235465921288312,-0.24264760167879,-0.861979455662476,-0.748039714010701,-0.224184067594855,"STRAPPAT00141-baseline","IFN-high"
-2.06293689030868,-2.16362171308008,-1.79982694331728,-1.28876882741079,-1.18340333802927,-0.149872647397523,"STRAPPAT00226-baseline","Fibroid"
-0.320849273240167,-1.37004696307256,-0.765069038253167,-0.66424178214689,1.11210869332306,-0.0103072916420874,"STRAPPAT00138-baseline","Fibroid"
0.255486162242186,1.07596720795458,1.81510063651356,1.11083461336666,-0.579246234099647,0.106058335536053,"STRAPPAT00137-baseline","Lymphoid"
0.435612277588175,-0.608948082875691,-0.726173593928656,1.380681982658,1.38678494737942,-0.310067974627731,"STRAPPAT00149-baseline","Vascular"
0.677006600506953,-1.48152728726243,-1.34157707901568,-0.792392420517119,1.33867806864653,-0.133227516487479,"STRAPPAT00193-baseline","Vascular"
-0.287312254113861,1.02349361875543,0.394844710501084,0.133679714702276,-1.47927449087345,-0.149048113332103,"STRAPPAT00192-baseline","IFN-high"
0.367102503183432,1.31514673900423,1.38519867363847,1.46851918933872,-0.67956014018222,-0.290235086863569,"STRAPPAT00191-baseline","Lymphoid"
-0.848527867916596,-0.677610539444229,0.7408047459506,0.450482845726663,-0.482783275741608,-0.184466645017934,"STRAPPAT00190-baseline","Fibroid"
0.715239382334804,-0.394111643925818,0.122073597428154,0.982234020750927,-0.0576722916003276,-0.113246080765737,"STRAPPAT00188-baseline","Vascular"
0.51767137896455,0.691833438861176,0.810199782442211,1.74171303926137,-0.268211312135058,-0.326090486173133,"STRAPPAT00187-baseline","Lymphoid"
0.557033676658296,-0.417830585021361,-0.571621435794762,1.56321177361866,0.536935968887536,-0.237240298302446,"STRAPPAT00185-baseline","Vascular"
0.839364968508036,-0.214073580559127,-0.29692913638068,-0.569375587065717,0.49708284713156,-0.196038402110978,"STRAPPAT00184-baseline","Vascular"
0.772832105593076,0.41710797902758,0.631993940394167,1.64144959584922,0.0762700664941386,-0.193865481197536,"STRAPPAT00183-baseline","Lymphoid"
-0.141744040610621,-1.70737819988575,-1.1690129702486,-0.499126578236998,1.83808781215971,-0.212952577708144,"STRAPPAT00221-baseline","Vascular"
0.116067763746987,0.164778365559313,0.131662303071935,0.345695256677609,0.58034044048311,-0.225672129988551,"STRAPPAT00182-baseline","Vascular"
0.329120339740669,0.624295069027644,0.614094186417989,0.817748640090604,-0.161871503797886,-0.301378794794494,"STRAPPAT00181-baseline","Lymphoid"
0.491893786691854,0.501726885691197,0.553781097414694,0.0482009039023815,0.282351852556061,-0.325032097098504,"STRAPPAT00180-baseline","Lymphoid"
0.588115225066492,0.122877006369457,-0.0299991772386401,0.822927407775795,0.0397532894840597,-0.317179666618566,"STRAPPAT00179-baseline","Lymphoid"
-0.240693601296882,0.115140142104447,0.440024489535085,1.96129874082677,-0.641410203067846,-0.300092076761623,"STRAPPAT00178-baseline","IFN-high"
0.142322370210131,-0.405508252167818,0.496703768882899,-0.352269441724247,0.904941654235535,-0.099675519789479,"STRAPPAT00176-baseline","Vascular"
0.276371180440953,0.452588877751467,0.806281194892992,1.2841785558852,-0.0624105686574217,0.106622490044817,"STRAPPAT00174-baseline","Lymphoid"
0.843421322563985,0.762335187800324,0.89867975593962,1.73007309519949,-0.142343446200043,-0.260935433911014,"STRAPPAT00173-baseline","Lymphoid"
0.458340870958334,1.58815017286063,1.40768029905037,0.833843089602719,-1.05637711299045,-0.293884458863052,"STRAPPAT00170-baseline","Lymphoid"
-0.0333919581529392,-0.149825129519846,1.19945897964273,0.538566092282803,-0.875666271476806,-0.317522965041915,"STRAPPAT00169-baseline","Lymphoid"
0.549464387817639,0.0917359299453718,0.570763502986876,0.404015469166468,-0.0308773276547728,-0.197231983250098,"STRAPPAT00120-baseline","Vascular"
-0.370339532343471,0.0767447374367158,0.241791313652641,-0.720208917034214,0.525621847997425,-0.29446023337104,"STRAPPAT00166-baseline","Vascular"
0.0960169046131421,0.0246194825024017,-0.0436424782277147,-0.732019089762821,-0.12246856575032,-0.264436325613425,"STRAPPAT00164-baseline","Vascular"
0.192801057984066,1.63783211523219,1.3930093677252,0.11098349434541,-0.630938504906058,-0.272546486582829,"STRAPPAT00163-baseline","Lymphoid"
0.330097205256108,-0.15321698218481,-0.202257291730511,-1.15244411845122,0.458417226534493,-0.19457786197566,"STRAPPAT00162-baseline","Vascular"
0.413897667152129,0.747124895151575,0.716284452218618,0.693237742682075,-0.582184758520754,-0.27289440186986,"STRAPPAT00161-baseline","Lymphoid"
0.35653990243237,0.702999726898582,0.455534733476446,-0.434550108917663,0.742693618732669,-0.301233864301129,"STRAPPAT00159-baseline","Lymphoid"
0.234716294881651,0.00562789993435428,-0.185849339504915,-0.0310046303610321,1.37947376622029,-0.272579971562319,"STRAPPAT00158-baseline","Vascular"
0.380101391601613,0.621700479839029,0.38814165629578,-0.59671041215901,0.00533678436471527,-0.0491218512862261,"STRAPPAT00157-baseline","Lymphoid"
-0.0125914854097717,0.541294105472898,0.0770959796425437,-0.581627683351821,0.313733687916343,-0.352313147877127,"STRAPPAT00155-baseline","Lymphoid"
-0.202685664914019,0.998740998762176,1.00880756598991,1.29648867375652,-0.700104788993097,-0.346248051073052,"STRAPPAT00154-baseline","Lymphoid"
-0.0240111840622725,-0.804973940365576,-0.0913257109165253,0.158644609279302,1.21298449984416,0.000735085295836189,"STRAPPAT00168-baseline","Vascular"
0.33053137845088,0.0418880322011821,0.3275134673617,0.648108687202686,0.795946678445215,-0.247348755872427,"STRAPPAT00153-baseline","Vascular"
0.538540238460354,0.983178727218044,0.682132818356959,0.410397947171436,0.10903421287802,0.416510366660465,"STRAPPAT00152-baseline","Lymphoid"
-0.692473708078778,-0.395430254329014,-0.0225857622653148,-0.674508175540567,1.60884770728729,-0.276020595073948,"STRAPPAT00150-baseline","Vascular"
0.463060683830253,0.681652481154516,1.23152706242788,0.601898179385342,-0.3601785875214,-0.294650611313843,"STRAPPAT00147-baseline","Lymphoid"
-0.0805914101742232,-0.493164277787261,-0.694111571936221,-1.28348560711232,1.63547242380121,-0.22845455525028,"STRAPPAT00146-baseline","Vascular"
0.424065438693686,0.974812170810665,1.245756674997,1.41482904850617,-0.245538174275277,-0.288146014187441,"STRAPPAT00145-baseline","Lymphoid"
-0.394464621492636,1.4429651112075,0.896976547079184,-0.907212206530249,0.0978681299667578,-0.309561469593246,"STRAPPAT00144-baseline","Lymphoid"
0.407492769157212,0.879753056778617,0.775100792208608,0.911644631762464,-0.0552991240797032,-0.29389270497424,"STRAPPAT00202-baseline","Lymphoid"
-0.314696446630482,-1.47333768203711,-1.53294134649727,-0.396340358811937,0.648191198019738,-0.0805603411252475,"STRAPPAT00201-baseline","Fibroid"
-0.143687218786796,0.567703414393337,1.28249283928504,1.96696180952743,-0.393941327773746,-0.319221340408019,"STRAPPAT00200-baseline","Lymphoid"
0.25100377966869,0.905593232242675,0.293380667715597,0.364753490184423,0.519598427366121,-0.182359193217539,"STRAPPAT00118-baseline","Lymphoid"
0.0623311578794712,1.44277551462109,1.46818429957687,2.42255226030919,-0.610422148444253,-0.292408922714411,"STRAPPAT00198-baseline","Lymphoid"
-0.0202199160258196,-0.0793188627204226,-0.151685887437735,0.137189831651943,0.257368886861398,-0.251515592119924,"STRAPPAT00197-baseline","Vascular"
0.312043535731845,0.930902762200837,1.11359697681077,1.14962857598003,0.0769599769484074,-0.304229137095005,"STRAPPAT00196-baseline","Lymphoid"
0.133579096833223,0.392418417449811,0.947123053528044,1.07372350408455,-0.443983089464831,0.67653826100499,"STRAPPAT00206-baseline","Lymphoid"
0.0209846446008273,0.566746421639028,0.923734545308992,0.715520507936845,-1.26869577298862,0.237339663136109,"STRAPPAT00204-baseline","Lymphoid"
-0.00732488609355655,0.443944315804888,0.344009677708785,1.14112080463596,0.018494410606416,-0.359016887289216,"STRAPPAT00203-baseline","Lymphoid"
-1.07862225563359,0.974182310843837,0.553935934932092,0.291289142090234,-2.37364965920286,-0.273066597252043,"STRAPPAT00207-baseline","IFN-high"
-0.156238867396653,-0.993725738040796,-1.17345086266526,-1.30486898377385,-0.462401862284223,4.87282317877076,"STRAPPAT00210-baseline","Myeloid"
0.19152560257347,0.101003801310399,-0.540956264109786,-0.410695244223864,-0.13918956413378,-0.0731376126773402,"STRAPPAT00209-baseline","Vascular"
-0.148891148855785,-0.47436583448077,0.80675346430802,0.149369038419083,0.146783246344722,-0.165859792127437,"STRAPPAT00219-baseline","IFN-high"
-0.457220854974701,-1.15534070970112,-1.34733655937552,-1.10486714885123,2.03603508318426,-0.0632445535155848,"STRAPPAT00073-baseline","Vascular"
0.423146247071368,0.543042342927051,0.444352011514006,1.25994678006368,0.167199664362084,-0.195472272704435,"STRAPPAT00116-baseline","Lymphoid"
-0.307964881233762,-0.196394616828917,-0.635158322075035,0.59932810836031,-0.948463667537092,-0.144544822239161,"STRAPPAT00218-baseline","IFN-high"
-0.254512313497142,1.12198739665033,0.743036896845398,0.706412925882907,-1.74825508419891,-0.267703925917077,"STRAPPAT00217-baseline","IFN-high"
-0.0809092705578738,0.742751879347139,0.61923436699175,0.745830041872684,-1.669880189548,-0.047161673388068,"STRAPPAT00216-baseline","IFN-high"
-0.0259428994725069,-0.0944802558528769,0.736732236662437,0.865044263243161,-1.1915198011834,-0.217566740981177,"STRAPPAT00215-baseline","IFN-high"
0.266139886491569,0.54908149720379,0.110491413373523,-0.657130894899026,0.245493236914591,-0.185703612240908,"STRAPPAT00214-baseline","Vascular"
0.0554906439489113,-0.856884399660149,-0.551245355842278,-0.527802126938403,-0.294723081010381,-0.176564087951055,"STRAPPAT00213-baseline","Vascular"
0.198383766108668,-0.119166183894453,-0.319173659465129,-0.83895784420332,0.474081617237082,-0.199490222605875,"STRAPPAT00212-baseline","Vascular"
0.22205097575885,0.698910744443462,1.23279640789571,1.20284251877315,-0.818797304040001,-0.339116326640354,"STRAPPAT00211-baseline","Lymphoid"
0.158741010082038,0.830803476740461,1.16405098431862,0.0684951519163599,-0.4650534037431,-0.314592990519373,"STRAPPAT00223-baseline","Lymphoid"
-0.0247304289738182,0.516031839199089,-0.0855764519915404,0.777482558063167,-0.107703172781554,-0.296854430307782,"STRAPPAT00222-baseline","Lymphoid"
0.453494707712793,-0.337054074880929,-0.776958784307771,-1.20782353444084,1.16143366620435,-0.222968761417841,"STRAPPAT00167-baseline","Vascular"
0.0929363043020435,0.621553056031706,0.177525739854293,-0.131553362611149,0.565457192645587,-0.330673650602934,"STRAPPAT00220-baseline","Lymphoid"
0.356950699269943,-0.956022972965343,-1.06714518778691,-1.29946566591354,1.49521641051468,-0.193813126239237,"STRAPPAT00189-baseline","Vascular"
0.0121310119928404,-0.0191201385536452,0.119036171247848,0.137028987915329,-0.360674697615761,-0.199346433220402,"STRAPPAT00101-baseline","IFN-high"
0.452557429180624,-1.02677631832502,-1.0438086766427,-0.323136948591327,1.43628497240214,-0.0996754172016308,"STRAPPAT00143-baseline","Vascular"
-0.216841950507466,-1.37280340036407,-1.63611690687726,-0.812709443040919,0.0698187524594717,-0.146706597619661,"STRAPPAT00208-baseline","IFN-high"
0.695313691876145,0.0910784065777175,-0.398974372782815,0.0798835282647657,0.552144163220214,-0.164364881124182,"STRAPPAT00175-baseline","Vascular"
0.331972480707831,-0.0397426810179829,-0.372328182768528,-1.17254430398021,0.904341391712509,-0.0937866791383437,"STRAPPAT00055-baseline","Vascular"
-0.360756178263509,-0.816213838430852,-0.356566410192009,-0.913478485058712,1.73611495011795,-0.246872063370198,"STRAPPAT00139-baseline","Vascular"
0.229802604398513,-0.264575591982529,-0.103503786694278,0.507079491388273,1.28518325033563,-0.284754137687319,"STRAPPAT00165-baseline","Vascular"
-0.308720311521306,-0.176638661985149,0.351795536681038,0.16172846452881,2.12268146081797,-0.0712368943293973,"STRAPPAT00160-baseline","Vascular"
0.413348838659621,1.26247768005653,0.938162210357751,1.72896205619243,-0.204517425536902,-0.34934439541345,"STRAPPAT00121-baseline","Lymphoid"
0.630412114700898,-0.459473921203095,-0.755173017916627,-0.283882000285515,0.375488492134383,-0.208604373803342,"STRAPPAT00004-baseline","Vascular"
-1.19439373493483,-1.16496100275628,0.0678501049649954,-0.730280789404872,0.834916779791538,0.0328906888972344,"STRAPPAT00093-baseline","Fibroid"
-0.801109173098597,-1.24002439768008,-0.45060383983007,-0.436728994911591,1.88509821649542,-0.150948777026422,"STRAPPAT00172-baseline","Vascular"
-1.29165524059497,-1.83771335934286,-1.65838909201505,-0.825026160124683,-0.831581070370656,-0.177998223000492,"STRAPPAT00070-baseline","Fibroid"
-1.03712627659204,-1.08424435991385,-0.910799231752014,-0.832722159653195,-0.234350998255181,6.18535062657994,"STRAPPAT00199-baseline","Myeloid"
0.431284477827799,0.676443865363606,0.396419888050287,1.046570428966,0.238752147311752,-0.261184571371464,"STRAPPAT00006-baseline","Lymphoid"
-0.537089853281695,1.13379721262681,1.28066452169567,0.0146483709848271,-1.19343734303924,-0.23555050657287,"STRAPPAT00005-baseline","Lymphoid"
0.246661191957208,-0.650695192023215,-0.915385147001463,-1.10449549388334,1.24829318788616,-0.252229138936465,"STRAPPAT00003-baseline","Vascular"
-0.290132075738483,0.578920224707324,1.54839113236764,0.259281586550783,-0.322366917450511,-0.0107750055184814,"STRAPPAT00002-baseline","Lymphoid"
0.116540748642942,-0.418630650792277,-0.457795769313599,-1.13878045866638,1.54532953666563,-0.214780898561604,"STRAPPAT00177-baseline","Vascular"
0.56376479108672,0.61157248837597,0.713091253686098,0.469690632940518,-0.258657875227649,-0.199956742470483,"STRAPPAT00001-baseline","Lymphoid"
0.215830096271563,0.661871413080414,0.512112925084494,0.169049751849893,-0.303538045386258,-0.242454317134503,"STRAPPAT00019-baseline","Lymphoid"
0.017209999198863,0.205670509492678,-0.180741534714525,-0.105660783865459,-0.0511646175254285,2.7302589503838,"STRAPPAT00018-baseline","Vascular"
0.343985119268522,-1.04895088265727,-1.30585278823623,-1.24899107510573,0.4990647697574,-0.172611632980508,"STRAPPAT00017-baseline","Vascular"
0.204859253375649,0.0814901641639737,-0.209228015305193,-0.282100187864992,-1.74532027668807,-0.141373626198054,"STRAPPAT00016-baseline","IFN-high"
-1.55724656557192,0.376905603035235,0.486750449405647,1.50778068444069,-0.934917833459382,-0.298944682193918,"STRAPPAT00015-baseline","IFN-high"
0.325883480320067,0.377129745003488,0.4459934307097,0.81250906839129,-1.45364804354169,-0.13528555200764,"STRAPPAT00014-baseline","IFN-high"
-0.314345834954674,0.0857884456370045,0.378175925233188,0.106281613467625,-1.09956541560729,-0.27625587580896,"STRAPPAT00013-baseline","IFN-high"
0.214451842547712,-1.12209530779424,-1.42513339973564,-1.51856690694055,0.0356780404590849,0.017021173960094,"STRAPPAT00012-baseline","IFN-high"
0.749035542771457,0.489616791654875,0.266490368868477,0.673785053395138,-0.460555462430641,-0.280095835167125,"STRAPPAT00011-baseline","Lymphoid"
-0.160634883919017,-0.860105192256715,-0.77983772318256,-0.897466603114456,1.52371794760167,-0.213807611505524,"STRAPPAT00062-baseline","Vascular"
0.430299329150928,1.12681197970322,1.05902275340901,0.928836927385583,-0.727108879321705,-0.314552767002477,"STRAPPAT00010-baseline","Lymphoid"
-0.182294638921771,-0.0199340835514834,0.58045538462417,0.417770683992872,-0.799201983355236,-0.157913013555008,"STRAPPAT00009-baseline","IFN-high"
0.432570789352582,-0.639668833340592,-0.644165412310665,-0.923249372557545,-0.148113362195252,-0.160609253423821,"STRAPPAT00008-baseline","Vascular"
-1.36498218258444,-2.07277678086849,-2.26063808017222,-0.680432829426291,0.130686568017255,7.39237887283557,"STRAPPAT00007-baseline","Myeloid"
0.424195747353822,1.10506266686891,1.04228498110667,1.32896062282929,-0.301912205297837,-0.335501410541158,"STRAPPAT00035-baseline","Lymphoid"
-0.592449419987679,-0.0741482884069105,0.0790489408075162,0.38320683362955,-1.02915999311034,-0.293019977508179,"STRAPPAT00034-baseline","IFN-high"
-0.348825584860671,-1.93205186677612,-1.64416370481319,-0.658234585064891,0.43417415579805,-0.169834611168924,"STRAPPAT00033-baseline","Fibroid"
-0.809229752926934,-0.608460826375242,0.819922270482532,0.599786735071377,0.24992471336551,-0.191624135810038,"STRAPPAT00032-baseline","IFN-high"
0.875963834718467,0.786100776521334,0.48951000587396,0.448565253333325,-0.911928028847669,-0.102889542497068,"STRAPPAT00031-baseline","Lymphoid"
0.029977117640121,1.59275666107788,1.41570554951166,1.35426328440292,-1.27959862618656,2.28763345193876,"STRAPPAT00030-baseline","Lymphoid"
0.462751307234129,-1.25353218547579,-1.65289125804448,-2.0758163132676,0.622566732346885,-0.104824609338014,"STRAPPAT00130-baseline","Vascular"
-0.0679125091987116,2.6764960386667,2.22587636952045,1.51130578835012,-1.24906986040521,-0.282755990155473,"STRAPPAT00029-baseline","Lymphoid"
0.414945177719787,0.547345777444149,1.6142245355495,1.25298835929511,-0.402053743843465,-0.22272369621165,"STRAPPAT00028-baseline","Lymphoid"
0.336903124682803,0.719865503193001,1.51161557625424,1.31253024444832,-0.196417027309542,-0.242138650008291,"STRAPPAT00027-baseline","Lymphoid"
0.170183332465364,0.10969794682643,-0.0517704497472162,-1.27111253860772,0.558863875088815,-0.318225106987108,"STRAPPAT00026-baseline","Vascular"
-0.0575840465882563,0.113520085075253,-0.115552110942247,-0.862997169377481,0.960171366299787,0.152241858946739,"STRAPPAT00025-baseline","Vascular"
0.488359053701395,0.193046734390694,0.165722422346602,-0.175300989184607,0.484559170686565,-0.0898926227328849,"STRAPPAT00024-baseline","Vascular"
-0.777616644786161,-1.61887151988663,-1.59296492625139,0.594853143658272,0.411015132810953,-0.117135641946843,"STRAPPAT00023-baseline","Fibroid"
0.253516926349428,0.3848933084698,0.0902794163640157,-0.907652146374729,1.28645962350792,-0.267798885921249,"STRAPPAT00022-baseline","Vascular"
1.07156815080153,0.151345923035312,-0.656047332042056,-0.674902607357248,0.801115254424478,-0.195148314687645,"STRAPPAT00021-baseline","Vascular"
0.554659295012398,0.903033335651279,1.0876854401579,1.11354329613204,-0.121902833832123,-0.214115352241452,"STRAPPAT00020-baseline","Lymphoid"
0.260902665630613,-0.0516654629756917,-0.401686675759635,-0.0918177252801908,-1.56665902418216,-0.0576942406530432,"STRAPPAT00124-baseline","IFN-high"
0.212356185110009,-0.623824328204085,-0.839482116622098,-0.675209942433301,0.494557455817736,-0.14029115778735,"STRAPPAT00045-baseline","Vascular"
0.282478028531808,0.627265961881802,0.468083229240891,-0.594755316756916,0.293390995835214,-0.177174044891006,"STRAPPAT00044-baseline","Vascular"
-0.000507278931832761,1.65107602640784,1.23031492657348,0.577731134512902,-0.533153658803699,-0.262172853252056,"STRAPPAT00042-baseline","Lymphoid"
0.327521081701488,1.25327212116219,0.886240665433484,-0.370697592882389,-0.991545181729758,1.63578206802671,"STRAPPAT00041-baseline","Lymphoid"
0.236521926242067,0.692483797097753,0.420970261538789,-0.726046749089662,-0.333972710066486,-0.238778631537194,"STRAPPAT00040-baseline","Lymphoid"
0.2948690030389,0.674491487383811,0.000157291091685635,-0.912548050631208,0.26879041026848,-0.206241024019283,"STRAPPAT00039-baseline","Lymphoid"
0.379500972184153,0.229036511185993,0.0829552331981878,-0.479822598843688,-0.307710654662374,-0.248620811067427,"STRAPPAT00038-baseline","Lymphoid"
-0.857028729456089,-1.54667420362056,-1.82435468931723,-1.49120225597116,-0.336279722066268,-0.018254241943211,"STRAPPAT00037-baseline","Fibroid"
-0.165747523202477,0.622319123797572,0.716695269887218,0.0535705182535136,-0.193911725235946,-0.197174336492501,"STRAPPAT00036-baseline","Lymphoid"
0.312749447934179,0.513778489965163,0.580327180327957,-0.1398945760727,-0.854063023846871,-0.224070244572514,"STRAPPAT00049-baseline","Lymphoid"
-0.809749688335721,-1.34295234972909,-1.6773552126949,-1.84520920089777,0.567408289431902,-0.0961302094352186,"STRAPPAT00134-baseline","Vascular"
-1.32096430102846,-1.28340881487028,-1.0097010350915,-1.39822335692094,-0.554817662824213,0.10273566946242,"STRAPPAT00048-baseline","Fibroid"
0.502101219514063,-0.639148123001457,-0.396170934146786,-0.280362579832977,-0.0542565926885536,-0.189258071793207,"STRAPPAT00047-baseline","Vascular"
-0.186318530354729,0.203280994101426,0.36463224031816,-0.706753989987724,-0.63889841561531,-0.156242780081678,"STRAPPAT00046-baseline","IFN-high"
-0.131738984581494,2.35424467307782,2.26588026664151,1.91155241480119,-1.68558841188578,-0.153740367198863,"STRAPPAT00052-baseline","Lymphoid"
0.318858864294149,-0.0945837874671574,-0.245237006961953,-1.30835784044746,-0.224951255553639,4.99224476798756,"STRAPPAT00051-baseline","Myeloid"
-0.675737694581823,-1.12188965988993,-1.19478097925541,-1.33487138594124,0.133949150573689,-0.0385821393605609,"STRAPPAT00061-baseline","Fibroid"
-0.558254829184993,0.0281703013304899,-0.522292383146336,-1.35021763799804,1.06615608338034,-0.273350964232832,"STRAPPAT00060-baseline","Vascular"
0.263389699918624,-1.1236236427339,-1.09624092053791,0.93885950227905,1.45218205199428,-0.152299276066696,"STRAPPAT00059-baseline","Vascular"
0.639567339410661,-0.358268225463226,-0.331246487849224,-0.133389102600729,1.02094034881496,-0.156969628430376,"STRAPPAT00058-baseline","Vascular"
-0.426069831911198,-1.76188102247045,-1.76357449693513,-1.47442693638814,1.25511159977046,0.0423905537855895,"STRAPPAT00057-baseline","Fibroid"
0.00387601119705901,-0.614848674419953,-0.98913244293193,-1.48124029931547,1.01513021857654,-0.173141602251424,"STRAPPAT00128-baseline","Vascular"
0.0547507910735908,-0.0358812661536295,-0.322817754143119,-0.572169111910713,1.56867831792773,-0.214139846956694,"STRAPPAT00056-baseline","Vascular"
-1.10133324148391,-1.53650653848761,-1.08850657571547,-1.17351327804559,0.282097220887482,-0.0980036227134691,"STRAPPAT00054-baseline","Fibroid"
-0.290301152728911,-0.196392796146227,-0.549680184396336,0.11561122549964,-0.790530041424905,-0.254644755326324,"STRAPPAT00067-baseline","IFN-high"
0.0299319473780069,-0.399404383298422,-0.609385146342785,-0.663003508865665,-1.0136996696842,-0.144245559301158,"STRAPPAT00066-baseline","IFN-high"
-0.352007246107694,0.298321042337482,-0.248622995363688,0.207116962188104,-2.01478239625819,-0.218794719686272,"STRAPPAT00065-baseline","IFN-high"
-0.162759009060798,0.019748174585121,-0.507836250150685,-0.138231948601942,-1.50479812472879,-0.167374075572242,"STRAPPAT00064-baseline","IFN-high"
0.130068074715599,0.00190852916810521,-0.491214618020135,-1.1135452367686,0.277520218873123,-0.174882671707986,"STRAPPAT00063-baseline","Vascular"
0.515858365440105,0.581825599510313,1.04451478482606,0.704328366803388,-0.686172697875192,-0.261500298064223,"STRAPPAT00077-baseline","Lymphoid"
