"","gene","log2FoldChange","padj","pvalue","baseMean","stat"
"TUBB2B","TUBB2B",1.44965929638658,8.97957359667121e-07,4.08817762854887e-09,1097.63715758481,5.88058550032984
"TPST1","TPST1",0.623135834963197,9.96806475764091e-07,4.92395066148971e-09,995.990706256493,5.84972207441257
"CFHR1","CFHR1",2.47856319173829,4.29544876122487e-06,3.50529650694991e-08,81.0191952890336,5.51411986493738
"LINC00603","LINC00603",2.12203437688793,6.1150017562462e-06,5.56489606953046e-08,20.9093637717654,5.43224655241331
"FAM162B","FAM162B",0.969102246991355,8.79851394294575e-06,8.94178189826743e-08,167.023172178099,5.3470125488832
"C1orf123","C1orf123",0.546540338444864,1.44542504272191e-05,1.73108065489004e-07,1856.30034243903,5.22611569540918
"SPATA7","SPATA7",0.552585977732599,1.71643917441367e-05,2.24371133910283e-07,265.323623936773,5.17792188537244
"DIRAS3","DIRAS3",1.50328148147618,1.91253315281557e-05,2.58928434925929e-07,207.848154311735,5.15112506982813
"LINC01121","LINC01121",1.59739238399388,2.73150352111574e-05,4.31360637661558e-07,33.9337426597084,5.0545703941007
"C16orf89","C16orf89",1.96988758140344,3.02961289292021e-05,5.01330026483452e-07,189.385369363133,5.02580311478431
"IGFBP4","IGFBP4",0.988381292964322,3.17939382915059e-05,5.3692585350044e-07,70832.8609975978,5.01262459762954
"LINC01914","LINC01914",1.20233273297387,3.43819345697176e-05,5.97438501641791e-07,33.3652963596908,4.99204332097197
"FGF7","FGF7",1.14149408078545,3.49288029176016e-05,6.1098023162377e-07,1591.44962422549,4.98771369174391
"MIR497HG","MIR497HG",1.03992275209581,4.2857139634758e-05,8.24144624809846e-07,150.475902624705,4.9295613262883
"HPD","HPD",1.78055197258301,4.51101771166465e-05,8.86217541299489e-07,92.6877330163976,4.91535493103164
"SIX2","SIX2",1.0345004773261,4.61985336681767e-05,9.12835131982938e-07,671.124181216985,4.90955453372244
"EFEMP2","EFEMP2",0.554678482838262,4.98080795561954e-05,1.01990929462609e-06,4567.13149653108,4.88775773172462
"FANK1","FANK1",0.619002997549846,4.98990290850561e-05,1.02457332377406e-06,39.4967894105119,4.8868591596461
"NNMT","NNMT",0.949246735849602,6.19709099634148e-05,1.36498491811748e-06,13458.1325137968,4.83005040533179
"BEX3","BEX3",0.627068305132139,6.57108321690527e-05,1.48456978492174e-06,2461.50079401249,4.81330160212528
"INSC","INSC",1.7900540074998,6.69883030545967e-05,1.51596182438715e-06,12.5896491481506,4.80912000319394
"SYTL2","SYTL2",0.593172027796219,7.36379065890154e-05,1.74432838999248e-06,1146.25271743222,4.78099138427403
"PROK1","PROK1",3.36608638727843,7.64085131402678e-05,1.83732452786223e-06,26.4181355074854,4.77054026462067
"IGF1","IGF1",1.26367152426728,7.64085131402678e-05,1.83673315779039e-06,7315.55058918151,4.77060510345105
"CPB1","CPB1",1.44893954717897,9.78643488367386e-05,2.48829599785126e-06,80.0140337290641,4.7090863881478
"AGT","AGT",1.76146187061549,0.000106034277258093,2.78816188641932e-06,898.264546179324,4.68583840739602
"PLPP1","PLPP1",0.783131859773978,0.000122362094788751,3.40261453606322e-06,6722.77902375105,4.64488772331531
"AC006441.4","AC006441.4",1.07934015091819,0.000130242758034049,3.71503578962964e-06,14.832966447529,4.62671924016399
"MNS1","MNS1",0.563490980935095,0.000134917085792221,3.88509213972987e-06,166.487531997189,4.61743665741998
"HOXA-AS2","HOXA-AS2",0.634840064161086,0.000138315233892723,4.02367789101956e-06,53.1722998656538,4.61015555333899
"ID3","ID3",0.719716074182559,0.000150496111034822,4.45762783071898e-06,5392.7260059284,4.58881803301899
"FHL2","FHL2",0.736777862631873,0.000226467803276376,7.53943117230132e-06,1268.99489065139,4.47786199752631
"PRTFDC1","PRTFDC1",0.623672178956675,0.000230462853962074,7.73686259303035e-06,288.433723559801,4.47233905786027
"TMEM98","TMEM98",0.698326328856521,0.000236967893008693,8.0484391482419e-06,1773.1453364423,4.46389134113261
"SERPINF1","SERPINF1",0.594874997139807,0.000244053104753017,8.35362548287556e-06,16765.7978793001,4.45591467412893
"AL161908.1","AL161908.1",1.09573043575089,0.000256248023942719,8.86785257967926e-06,9.08297860378656,4.44308399625079
"KCNE4","KCNE4",0.739449287143268,0.000261066152523828,9.16281142826083e-06,939.219609729822,4.43604168033982
"FMO3","FMO3",0.85489594304969,0.000309035042037519,1.12783955044861e-05,406.146807918343,4.39108978158936
"CLEC4G","CLEC4G",1.70726676441389,0.000313010789923455,1.14471436263517e-05,231.571133045524,4.38785996649399
"TEAD2","TEAD2",0.538120197817502,0.000327338234814552,1.21071491889926e-05,1173.61037031927,4.37564938375935
"LINC00882","LINC00882",0.900407572218887,0.000328970694417072,1.22296710607276e-05,56.2380826068485,4.37345277372724
"OR7E14P","OR7E14P",1.05236579830803,0.000369869130214336,1.42112246563142e-05,10.732706718865,4.34057207105344
"AC093702.1","AC093702.1",0.872121241625986,0.000372355179773301,1.43489471974297e-05,21.0776005944401,4.33845252479144
"RNF212","RNF212",0.821998401468589,0.000380781375539872,1.47599717142283e-05,70.7891603022295,4.33224029870595
"CMA1","CMA1",1.51637651812253,0.000397655407456266,1.55990088269877e-05,234.028449736321,4.32005532430853
"CTSG","CTSG",1.25777482175555,0.000412310113757315,1.65681739713304e-05,910.785288098804,4.30673521270517
"SEPT4","SEPT4",0.602857697440257,0.000452162419930754,1.85518299914919e-05,668.947172417935,4.28164317328333
"PTGER1","PTGER1",1.37864202152676,0.000469572591690757,1.9514520792619e-05,59.1547006163667,4.27037427101426
"PFN4","PFN4",0.768412727610334,0.000483099906595903,2.01861988248543e-05,13.3065438357163,4.26282125285486
"AC020910.4","AC020910.4",0.713418782057641,0.000486548611817573,2.0422211180223e-05,23.8550899102648,4.26022401708897
"AC004825.2","AC004825.2",0.877404299605195,0.000495508823402117,2.09768988333229e-05,17.2488165038991,4.25423065446221
"AL356417.2","AL356417.2",1.03488386134449,0.000511547493294224,2.18387044248923e-05,32.2357913468872,4.24521179453271
"FAM229B","FAM229B",0.624821005742486,0.000517653350356151,2.21384862519613e-05,363.698619085463,4.24215382534903
"AC004816.2","AC004816.2",1.16475455172672,0.000565939010912173,2.48877180362601e-05,9.36046620144877,4.21581549624668
"MGC27382","MGC27382",1.04310492941013,0.000570444178509005,2.5227416190531e-05,20.2710775274167,4.21275544181343
"AL138828.1","AL138828.1",0.954938287791305,0.000570444178509005,2.52448575092869e-05,14.3064852369367,4.21259938758123
"EXOC3-AS1","EXOC3-AS1",0.582389017650054,0.000578136837053452,2.57276316576674e-05,160.776129100022,4.20832003189811
"COX4I2","COX4I2",0.800794223806099,0.000606063330821399,2.7247548591842e-05,201.743776950749,4.19532925274775
"TMEM59L","TMEM59L",1.31643870983578,0.000619045660918135,2.80183120548538e-05,90.0072059690367,4.18900265644427
"OTOF","OTOF",1.41333609814074,0.000640710341845447,2.93072007311391e-05,40.2460449725736,4.17878388798024
"AL583785.1","AL583785.1",1.12308057284465,0.000644003467932784,2.95372023903585e-05,91.3344813431774,4.17700539393464
"AC016405.3","AC016405.3",0.920203951015944,0.000669986861451959,3.11339241975862e-05,9.19804684260226,4.16500976257658
"AL132639.2","AL132639.2",0.565949762045172,0.000737228485134733,3.51498865933746e-05,37.7654336602791,4.13724622255592
"FEZ1","FEZ1",0.760607039616973,0.00074206135603489,3.55485208905603e-05,851.666606396543,4.13465697179889
"ROM1","ROM1",0.552324594667747,0.000754272438310475,3.63329690901e-05,246.641360367403,4.12964127341442
"OSMR-AS1","OSMR-AS1",0.754202405816166,0.000767148076305525,3.7207029677379e-05,32.0274743958867,4.12417230323986
"SPINK13","SPINK13",1.69633841682334,0.000791483529198407,3.90822839042774e-05,6.80734463215738,4.11283906967224
"AC073072.1","AC073072.1",1.46342784790306,0.000809845038847791,4.02337158972702e-05,16.1098886892001,4.10613341419033
"AF274858.1","AF274858.1",0.722073282431092,0.000813879542754196,4.05263983282342e-05,39.1878663048718,4.10445794470449
"AC027013.1","AC027013.1",1.55028973384756,0.000835904709052857,4.20968293916453e-05,12.6976376430133,4.09565949120922
"OMG","OMG",0.987664742256689,0.000856888958872241,4.36223856663817e-05,35.4196924869322,4.08740572140416
"HP","HP",2.49151734863307,0.000857531841747213,4.37367481339959e-05,1024.27350033535,4.08679806492591
"SCRG1","SCRG1",1.30975141199254,0.000868177249552569,4.44108956097389e-05,407.819431440653,4.08324637081753
"AL117332.1","AL117332.1",0.575148317211026,0.000888191527469578,4.57367128316534e-05,71.9680305667785,4.07640813458383
"NFIL3","NFIL3",0.500755243021534,0.000898885438449331,4.64232269583375e-05,1010.34269415823,4.0729408013037
"AC093890.1","AC093890.1",0.655491455166483,0.000917759773434847,4.77447280977666e-05,24.2778519266577,4.06640112587471
"AC134043.2","AC134043.2",0.727741929874964,0.000938223982662764,4.89865708579825e-05,245.011077067595,4.06041022325301
"PTH1R","PTH1R",0.919763359160687,0.00100885700764769,5.34899841791867e-05,234.139916820251,4.03982988618102
"CEBPD","CEBPD",0.692139801142883,0.00101021989594612,5.36616107030957e-05,4110.92561941359,4.03907847613897
"TWIST1","TWIST1",0.650303068536987,0.00101763752107551,5.42478575782062e-05,785.624271852013,4.03652884971223
"LINC02202","LINC02202",0.67428149990559,0.00101997602950271,5.44110526902349e-05,300.679573198116,4.03582374818247
"LXN","LXN",0.753155032116312,0.00102778319831222,5.49440184975551e-05,1451.32718649097,4.03353488942743
"RASL11A","RASL11A",0.737693408297786,0.00104474966047305,5.62457314660204e-05,689.945051148258,4.02803182483481
"CFAP69","CFAP69",0.586386883330254,0.001128303479182,6.19375478957061e-05,202.815220089095,4.00530485948201
"TCEAL5","TCEAL5",1.62007898503228,0.00113006423617605,6.20768974800703e-05,12.372882722353,4.00477363146112
"PABPC1P4","PABPC1P4",0.669126369065979,0.0011795748472064,6.58661688832617e-05,39.0445822280441,3.99074463969554
"AP001347.1","AP001347.1",0.725101513005398,0.00119975701940736,6.71687231136336e-05,47.9236966055376,3.98609819431626
"GXYLT2","GXYLT2",0.842768023299937,0.0012163910446329,6.8523463103202e-05,589.439385833101,3.98135518951264
"GRIN2C","GRIN2C",1.05843742485547,0.00121646876658577,6.86416140767816e-05,72.5706033193508,3.9809457542698
"DNAJC12","DNAJC12",0.96626930766156,0.00124062813154683,7.03533501625216e-05,53.9497951815407,3.97508761884795
"AP000962.1","AP000962.1",1.24246943703665,0.00125920575148097,7.17874297852121e-05,6.16583612882207,3.97028261121826
"AL356258.1","AL356258.1",1.00593823958267,0.00128111931057356,7.34239296588495e-05,18.15870563183,3.9649090736336
"NME5","NME5",0.700695174955804,0.00130416128413613,7.499087515415e-05,48.8573046797532,3.95986904270551
"AC015922.3","AC015922.3",0.578860251729277,0.00131457723476095,7.5821421696876e-05,247.591033495876,3.95723786051625
"AC037486.1","AC037486.1",1.15971215109345,0.00136319403960345,7.93123586455594e-05,2.99097415640575,3.9464684760528
"TP53I3","TP53I3",0.522461008561071,0.00137794015275364,8.04284861757582e-05,806.91385105238,3.94311970107042
"AL358472.6","AL358472.6",0.566177201743713,0.00156037819941158,9.35554876446478e-05,185.140533523844,3.9067250996303
"HPR","HPR",1.93435848332043,0.00157260796415349,9.44075732003439e-05,6.54180069004231,3.9045328380398
"TCEAL7","TCEAL7",0.824606665266593,0.00166373109609434,0.000101181010678231,149.438540128325,3.88774219132754
"SRPX","SRPX",0.822858724072941,0.00171475494977251,0.00010616309136736,1576.49002310189,3.87605638834948
"EVA1C","EVA1C",0.603568589686494,0.00175068905991548,0.000109397397147614,702.402617012125,3.86874406568942
"AL365194.1","AL365194.1",1.44587380995351,0.00176274804540554,0.000110550521567615,2.89256166468607,3.86618625727983
"DUSP15","DUSP15",0.720739520238543,0.00176640275155647,0.000110846460778091,51.6738529220396,3.86553387747187
"NINJ2","NINJ2",0.565180160122036,0.00178351100415116,0.000112459098036507,505.481906469094,3.86200753299414
"MMP23B","MMP23B",0.952686533343247,0.0018305335171332,0.000116461462195486,262.745703334052,3.85345755081151
"LINC00626","LINC00626",1.55663731004489,0.00183674184702833,0.00011692583823502,12.1905112232175,3.85248354117771
"NPFFR2","NPFFR2",1.92142066254913,0.00184200540791806,0.000117400095325013,3.81176733895745,3.85149256445479
"SERP2","SERP2",0.670763626237405,0.00186617602664807,0.000119160007465833,85.0067041759075,3.84784786939607
"OSR2","OSR2",0.672921112049033,0.00190985002028536,0.000122806480582027,1553.16467874592,3.84045500498794
"DPH6-DT","DPH6-DT",0.926967689259545,0.00193341267211606,0.000124604949873269,7.99111623174391,3.83688467594746
"CNN3","CNN3",0.59269408036112,0.00193341267211606,0.000124613775308096,7604.9447054174,3.83686727573226
"ANKRD7","ANKRD7",0.840769658093917,0.00198446465582555,0.000128504001665533,7.4097063693772,3.82930817989813
"LOXL1-AS1","LOXL1-AS1",0.534517460355222,0.00201776349644918,0.000131104205562978,151.737402807279,3.8243750655367
"TMSB15B","TMSB15B",0.543914884747441,0.00202420329792943,0.000131691020266549,103.213584067453,3.8232745186448
"AL353708.1","AL353708.1",0.672472616362546,0.00204854018425897,0.000134018314568121,18.1448703718681,3.81895479915994
"SHC2","SHC2",0.812252924978131,0.00209573233670145,0.000138163622635688,436.809136647308,3.81143279154341
"EBPL","EBPL",0.530231792350513,0.00216269040178731,0.000144130336195278,707.40625732541,3.80097071725478
"FGF18","FGF18",1.17841130183665,0.00222392562729343,0.00015003622476682,433.521876647482,3.79100948314633
"UCHL1","UCHL1",0.710711354568013,0.00227986326404119,0.000155212271026568,479.795032224781,3.78257825905037
"GUSBP5","GUSBP5",0.681764714680311,0.00228047411254925,0.000155340013786932,33.1584031846665,3.78237354449801
"SOCS2-AS1","SOCS2-AS1",0.616026905611447,0.00228607706533324,0.000155894408663965,45.0336564900134,3.78148692935352
"LINC02550","LINC02550",1.21301701920231,0.00229312536880403,0.000157006620544358,13.7784512018255,3.779717139297
"LIMS4","LIMS4",0.887104767973996,0.00229312536880403,0.000156884769466722,114.09409712281,3.77991045639783
"AL356488.3","AL356488.3",0.516625067443623,0.00229312536880403,0.000157068128514175,57.9696743805418,3.77961961033918
"PCBP1-AS1","PCBP1-AS1",0.514139347908967,0.00239826647377441,0.000166081924002739,677.65311940186,3.76570179230404
"SCG2","SCG2",1.42777110664153,0.00245060202486832,0.000169983955482196,1118.27259796735,3.7598960770877
"CCDC74A","CCDC74A",0.609476591324018,0.00252544075658261,0.00017727412919757,107.478499629607,3.74937740885196
"SOCS2","SOCS2",0.583123468369138,0.002582060094163,0.000182126494986676,653.997895656788,3.74259934185143
"TMEM220-AS1","TMEM220-AS1",0.540949888545065,0.00281086301916163,0.000202831552631332,46.0186676088092,3.71546348982021
"NPDC1","NPDC1",0.547399855028786,0.0028579565368621,0.000207741447615047,2982.16114928986,3.70941163116122
"AC006299.1","AC006299.1",0.811880290579005,0.00292293909552569,0.000213900526201717,5.2195078765827,3.70200722421679
"C5orf49","C5orf49",0.902084377143076,0.00294413488082396,0.000215712035581028,19.3575533464256,3.69986753028618
"AL627422.2","AL627422.2",0.885794872234527,0.00296841685735127,0.000218013614820766,10.0150910800258,3.69717318786489
"AC073130.3","AC073130.3",0.666240291257317,0.0029749541017832,0.00021883092055506,50.766115799916,3.69622283160448
"IL11RA","IL11RA",0.640579068722993,0.00307904342231866,0.000228465045201324,861.581990659043,3.68526472845732
"C1QTNF4","C1QTNF4",1.16505587351557,0.0031736640500738,0.000237404315204432,524.02971650539,3.67547819801796
"AC007671.1","AC007671.1",1.23963135190803,0.00318543716571646,0.000238445425262569,6.20355942220639,3.67436098196124
"LINC01936","LINC01936",0.812429204957388,0.00325931426354068,0.000245165843012939,59.3283300836854,3.66725753278268
"AP003972.1","AP003972.1",0.971482569156822,0.00327399739733584,0.000246450407422241,8.02079093423146,3.66592058066781
"PLAC9","PLAC9",0.753119880287714,0.00335936052340277,0.000254468164623618,4701.96138782829,3.65772065443206
"EEF1A1P12","EEF1A1P12",0.616709918400627,0.00346728503904958,0.000265619150452394,13.9046071614142,3.6467102518323
"CDC42EP5","CDC42EP5",0.587277308600632,0.0035082163317185,0.000270117680457981,1026.27862905951,3.64239070156862
"SMILR","SMILR",1.53023752185371,0.00359287240346184,0.000278128964248491,11.7085067824727,3.63486247189152
"ECSCR","ECSCR",0.69359869021414,0.00362970884589715,0.000282763218868863,1839.02196492204,3.63059991084177
"AC104260.3","AC104260.3",1.11568064721978,0.00363529452890706,0.000283610382039105,7.49880991841224,3.62982777895594
"AC084026.2","AC084026.2",1.00856369952596,0.00366573783892331,0.000287308779994631,7.86868532544993,3.62648205136615
"PIFO","PIFO",0.714496267117387,0.00371963672099963,0.000292083120229247,214.705528585078,3.62222214678949
"NTNG1","NTNG1",1.00941388037426,0.00375477601754463,0.000295768937118159,132.512299359894,3.61897786129767
"PCOLCE-AS1","PCOLCE-AS1",0.702298746955499,0.00376522117896233,0.000296733967256618,10.6018696163357,3.61813469027749
"AL442663.3","AL442663.3",0.661833175344862,0.00380591724901275,0.00030051634177478,8.90627321071088,3.61485450718544
"PLA2G5","PLA2G5",0.743892659733045,0.00386162664660829,0.000306519988836904,132.84930305159,3.60972652936306
"GAS6-DT","GAS6-DT",0.624961565586616,0.00399777042923503,0.000320196203482499,71.1700322823589,3.5983875800566
"FBXL13","FBXL13",0.609320516954354,0.00399777042923503,0.000320184539036236,32.8776227044121,3.59839705636798
"COPZ2","COPZ2",0.602506154149408,0.00407450615165506,0.000328366530536938,3083.53809016825,3.59182801906213
"PLA2G2A","PLA2G2A",1.03644289751219,0.00411521713343775,0.000332556932578615,87338.980634657,3.58852278578525
"PRICKLE1","PRICKLE1",0.625082341755135,0.00414653378820484,0.00033602761629451,686.299596739287,3.58581461424442
"FNDC4","FNDC4",0.556323978512519,0.00414653378820484,0.000336000357498186,902.692727768546,3.58583578209438
"AC006059.1","AC006059.1",0.618622073913132,0.00415003946903242,0.000336468499019365,27.2461077330274,3.58547246920808
"TRAM1L1","TRAM1L1",0.568563939994371,0.00422105232964621,0.000344321794803712,127.267400419858,3.57944720873376
"TM6SF2","TM6SF2",0.781069391379491,0.00423183356214971,0.00034549821783239,15.1870745547018,3.57855571785868
"CATSPERZ","CATSPERZ",0.873783118070211,0.00423633860371088,0.000346506217727683,16.9098712871943,3.57779411365954
"EMID1","EMID1",0.756964203329661,0.00424678483109271,0.000347521098044762,323.063484560224,3.57702940173127
"LOH12CR2","LOH12CR2",0.602496352440411,0.00430825776343011,0.000355155783739638,34.7831426477398,3.57134273083184
"SLC16A4","SLC16A4",0.713046666699899,0.00432748439366454,0.000356963226474287,850.238935483761,3.57001320975534
"CMTM8","CMTM8",0.56283247262692,0.00434149161304492,0.000359071889712161,157.146825350239,3.56847005012054
"RAB11B-AS1","RAB11B-AS1",0.541973951334672,0.00460698336491732,0.000388658198415519,98.1423892106735,3.54766772697161
"AC073316.1","AC073316.1",1.32092413440099,0.00461721198227508,0.000390218867518582,8.60833540415154,3.54661197768061
"DUSP23","DUSP23",0.539442558710277,0.00464847329996818,0.000393738982905613,1979.28064821449,3.54424513004599
"SLC35F4","SLC35F4",0.820794188304488,0.00468678807222952,0.000398046756068304,11.1143249707106,3.54137543558932
"EPYC","EPYC",1.69101192466129,0.00474993863489904,0.000405716733550623,116.254327459713,3.53633703198753
"TDGF1","TDGF1",1.01920087728612,0.00474993863489904,0.000405500262479876,25.2212860502253,3.53647800691456
"CPA3","CPA3",1.00629855525161,0.00476905842816616,0.000408637444371939,1168.03554970608,3.5344417824695
"SLC44A3-AS1","SLC44A3-AS1",0.561671696991646,0.00493000681309785,0.000428761029270137,88.5717785833493,3.52171734869905
"FAM240A","FAM240A",1.069878614344,0.00495845392668914,0.000432546379414606,28.5095688265913,3.51938630880505
"SRGAP2-AS1","SRGAP2-AS1",1.10062334255478,0.00499943175079855,0.000436687680223894,6.6543651165292,3.51685778827564
"LINC00632","LINC00632",0.801110923596155,0.00504161880979631,0.000440944030551908,816.412648270555,3.5142822430133
"FAM133A","FAM133A",0.97277924931286,0.00505291409386944,0.000442877252030548,14.1342937552149,3.51312009368867
"CCDC141","CCDC141",0.683249049529295,0.00505583205055853,0.000443402306143405,95.7748926607363,3.51280527692391
"AL161646.1","AL161646.1",1.34546798380177,0.00507671501875353,0.000446506953933213,4.44717626671251,3.51095084486265
"CCL14","CCL14",0.852076867922785,0.00532368977944727,0.000472050319708442,3259.99770043677,3.49613471297861
"AL590094.1","AL590094.1",0.656864129694954,0.00541647001977189,0.000482528101047343,70.698640184527,3.49027258396543
"AC009275.1","AC009275.1",0.790109361881016,0.00544815024761744,0.000486585333233882,18.2574045446585,3.48803447581634
"AC079416.1","AC079416.1",0.93804871857382,0.00551141034090802,0.000493692769590575,11.9189625843321,3.48415538953622
"CDKN3","CDKN3",0.937246912091981,0.00561037013060271,0.000505524680248119,401.833997514504,3.47781182371488
"ST6GALNAC5","ST6GALNAC5",1.22077332123221,0.00563034177332739,0.000507536947793992,42.2440849598163,3.47674676129576
"WISP2","WISP2",0.748865419772662,0.00566209803955639,0.000511041301768114,17050.7608309477,3.47490132250845
"DIO3","DIO3",1.53559244041297,0.005716519694952,0.000517896944670932,217.373238563987,3.47132491203908
"PMS2P4","PMS2P4",0.509049643773362,0.00574059882893146,0.000520826811444711,35.4849215447233,3.46980991867022
"FMO1","FMO1",1.09293471903866,0.00576228508835624,0.000523445929014081,154.551060660096,3.46846231844635
"AC090517.4","AC090517.4",0.538290092117161,0.0058345256460543,0.00053189430594012,52.3682386357348,3.46415784548772
"COLEC11","COLEC11",1.03325780905679,0.0060034557557482,0.00055069668574395,45.9089309482667,3.45480219467654
"MAP1LC3B2","MAP1LC3B2",0.716539498745885,0.00603558420864815,0.000554457848432029,9.86361119167748,3.45296650322706
"SMIM10","SMIM10",0.69092801341721,0.00603558420864815,0.000555011974908368,583.352440491155,3.4526970344281
"ZNF197-AS1","ZNF197-AS1",0.712840132093047,0.00608453767075742,0.000560892814864487,6.63333720108014,3.44985255279823
"GNG11","GNG11",0.61808120960952,0.00613798198140683,0.000566747061186985,4542.43887031589,3.44704838980413
"SAMD11","SAMD11",0.766598531630928,0.00628169095460119,0.000582988350256888,214.977455658651,3.43940778919671
"AL034430.2","AL034430.2",0.522380631454564,0.00636533956031452,0.000592546336206568,41.3992915800976,3.43500342655871
"AL390955.2","AL390955.2",0.534105310491484,0.00649314207509078,0.000608862391113201,12.5706059600398,3.4276354884405
"AL589666.2","AL589666.2",0.816014739219462,0.00661759573634813,0.000623282563403071,4.97025454294797,3.4212750770214
"PAPPA2","PAPPA2",1.73151778548119,0.00663480234785718,0.000625153842440432,77.4329184700077,3.42045975742957
"PHYHD1","PHYHD1",0.585405564520162,0.00664841051780185,0.00062794311437926,359.65132197045,3.41924867146073
"OAF","OAF",0.528765449495001,0.00676247363708205,0.000640760281151603,3600.65424183975,3.41374708271848
"AC006453.2","AC006453.2",0.686432205750349,0.00685529970707399,0.000654118653719618,721.850419668949,3.40812106965759
"C2CD4B","C2CD4B",0.934452514794654,0.00686097661890084,0.00065553703839209,89.8899453794215,3.40752999206918
"LINC01194","LINC01194",1.07636376211905,0.00692188925151825,0.000662141508362394,5.51427392327174,3.40479330513293
"EEF1A1P19","EEF1A1P19",0.504495918104663,0.00700877560016716,0.000674424853739309,48.2981116314563,3.39977029197287
"LINC00535","LINC00535",0.693425566215215,0.00701482873426484,0.000676067403419457,12.7701104027358,3.39910506443816
"MDK","MDK",0.817089941449012,0.00701871767701154,0.000677360957881388,2525.52060698668,3.39858223560211
"AL157895.1","AL157895.1",0.941792035005403,0.00706736592584251,0.000683266817946692,31.6560545132456,3.39620693578059
"AC015908.3","AC015908.3",0.653868684311912,0.00709855060930846,0.000687354460374687,12.9396069559622,3.39457406185946
"LINC01197","LINC01197",0.67108284221341,0.00716479521125981,0.000697287863697355,202.46680833663,3.39064331552171
"PPP1R42","PPP1R42",0.834335270368315,0.00731465259352508,0.000718185581516174,4.58518001004005,3.38254099417008
"PMS2P10","PMS2P10",0.740128465089609,0.00761142620168425,0.00075495006254555,8.89238287164587,3.36880431629391
"MT1M","MT1M",0.864305797875553,0.00772368372771636,0.000768604138380932,479.484908260059,3.36386038721425
"SLCO1C1","SLCO1C1",0.788783386741648,0.00785154258613923,0.000784493256894815,57.678780249271,3.35820881558325
"UBXN10-AS1","UBXN10-AS1",0.897008429586632,0.0078809982047618,0.000788427339386046,14.5293632986415,3.35682592713094
"SGCE","SGCE",0.631292862967497,0.00790279457949562,0.000791503586468808,1473.64153173381,3.35574903549052
"AC019171.1","AC019171.1",0.538808638374274,0.00800346706653528,0.00080581962795408,28.7983378070767,3.35078801649338
"AC105942.1","AC105942.1",0.803778380388651,0.00811075824186849,0.000820605635714376,185.173428793621,3.34574926651251
"KCNK15","KCNK15",0.782029972697496,0.00828463906683083,0.000842892931617191,307.529011936256,3.33831118854092
"KRT85","KRT85",2.19132489046345,0.00828714551742511,0.000843461030788592,4.93145488657187,3.3381239880113
"AC243964.2","AC243964.2",0.897206151107778,0.0083223678811568,0.000848303620966453,13.1197308688408,3.33653298370823
"UQCRHL","UQCRHL",0.690419486605607,0.0083499071905609,0.00085205709780139,15.9740341626942,3.33530558538994
"AP003396.5","AP003396.5",0.769673934586153,0.00847398382155966,0.0008698407209633,1307.28371633193,3.32955759497334
"LINC01118","LINC01118",0.770195280485771,0.00850575841147446,0.000874728427072103,6.59902815442966,3.32799689080098
"SERTAD4-AS1","SERTAD4-AS1",0.813994843608837,0.0086436744987028,0.000891504453566763,169.720425691487,3.32270091181769
"USH1C","USH1C",2.44198791764712,0.00868194930412971,0.000898139653055446,3.34545349000648,3.32063172315609
"PTPRD-AS1","PTPRD-AS1",0.827111477599586,0.00868194930412971,0.00089840413857763,76.9525805941018,3.32054953726461
"LINC01515","LINC01515",0.594826793858439,0.00891691489359859,0.000933923578252061,32.9734585401584,3.30971096146746
"BNC2-AS1","BNC2-AS1",0.687888086630659,0.00918555527457678,0.00097411514056961,27.6881406520262,3.29789799802544
"AC098487.1","AC098487.1",0.642098168048096,0.00930362952023873,0.00098909718802946,14.0902103751789,3.29360975127399
"BRWD1-AS2","BRWD1-AS2",0.652116312811406,0.00930468567572152,0.000990036365685179,13.0432145883746,3.2933429420395
"C4BPB","C4BPB",0.807831978838583,0.00939361433478684,0.00100434200640171,56.1647697257994,3.28930758688824
"RHEX","RHEX",0.944707307884255,0.0094330280267809,0.00101033792194355,88.8935136518419,3.28763205559887
"RPL7P32","RPL7P32",0.701811231029424,0.00945981565720648,0.00101427922608153,6.57157452350295,3.28653568262867
"KLHL13","KLHL13",0.640012650329485,0.00946446661198938,0.00101513546833797,230.516180545778,3.28629801878473
"PHYHIP","PHYHIP",0.863471504221147,0.00947566439488455,0.00101671106163843,286.813435257807,3.2858611719119
"AL137186.2","AL137186.2",0.532558760286358,0.00953592253811773,0.00102460099355498,109.15354917972,3.28368300104183
"KHDRBS3","KHDRBS3",0.605578379871804,0.00956868250344282,0.00102848244067758,937.992032340169,3.28261714223983
"HOTTIP","HOTTIP",1.41242846428963,0.00959601683638706,0.00103287060209554,10.9102962544773,3.28141661214386
"RARRES1","RARRES1",0.92041581856563,0.00997381877898209,0.00108613636187908,2367.22602909342,3.26720855127967
"RBMS3-AS3","RBMS3-AS3",0.880317739934162,0.0101785806275446,0.00111749425001491,16.780898446017,3.25914274701659
"MFAP2","MFAP2",0.790268961676905,0.0101993465342969,0.00112147145499164,1761.11916211465,3.25813473690879
"KRBOX1","KRBOX1",0.747328230550683,0.0102482059468837,0.00113055881842534,47.795096022087,3.25584391989101
"SYCE1L","SYCE1L",0.711700658416862,0.0102594132089667,0.00113218783173942,112.449660449822,3.25543506510724
"RN7SKP184","RN7SKP184",1.09500289746792,0.0103990179428046,0.00115466068736646,4.1345593162377,3.24984957149299
"AC105074.1","AC105074.1",0.779707265368264,0.0105580877756011,0.00117591305914361,23.6709962456611,3.24465910163347
"AC245595.1","AC245595.1",0.7121928922689,0.0105704073996546,0.00117768451477508,99.2919473284976,3.24423038176434
"TEKT3","TEKT3",0.865294846457507,0.0106139083029244,0.00118453606584453,32.7382668716925,3.24257778957006
"CYTL1","CYTL1",0.957281068581513,0.0106299348925876,0.00118764279457001,201.235673742116,3.2418313559485
"VXN","VXN",0.98650463010353,0.0108025794191412,0.00121538711361224,65.8810391885993,3.23524425341054
"AC092614.1","AC092614.1",0.652621869587581,0.0108713404556383,0.00122435550637567,12.604859289087,3.23314465163652
"ADCYAP1","ADCYAP1",1.48618913946744,0.0109519934763464,0.00123716273732576,211.808875583728,3.23017082843685
"THY1","THY1",0.735926274661271,0.010990058952792,0.00124395393186614,14700.4770415209,3.22860543714486
"AC023511.1","AC023511.1",0.980733375527487,0.0111112402922635,0.00126312750913978,3.0966458285848,3.22422808387748
"PAK3","PAK3",0.597865403699571,0.0113958007582584,0.00130580919943321,105.128707105307,3.21469998684084
"AC098818.2","AC098818.2",0.726099248701771,0.0115384196740122,0.00132781844146137,15.8236608225043,3.20989851350516
"CASP17P","CASP17P",0.625114406815508,0.0116427175139251,0.00134641876573066,239.562802994096,3.20589763517604
"LINC01985","LINC01985",0.920375213454791,0.0118768320054391,0.00138156960008867,9.23135952793296,3.19847406359441
"FRMD6-AS1","FRMD6-AS1",0.608244180893383,0.0119069558254594,0.00138687312742798,34.0423800413847,3.19736915892954
"CCDC102B","CCDC102B",0.506128432602723,0.0119776243052795,0.00139687195315022,331.989718912446,3.19529662070051
"AC010198.1","AC010198.1",0.876702375672921,0.012077397060986,0.00141248182206613,4.20523935181564,3.19208822474353
"LINC01835","LINC01835",1.2137063703845,0.0121718788872993,0.00142692735605008,7.48398248340819,3.18914813457225
"SNCAIP","SNCAIP",0.594583042371689,0.0123816861411855,0.00145573339647773,346.225025075454,3.18336627179776
"CCL15-CCL14","CCL15-CCL14",0.980673456669163,0.0124080623407358,0.00146070959438334,67.896546708927,3.18237816095473
"C6orf48","C6orf48",0.546101291833167,0.0125028323595875,0.00147764018685003,3860.20287760405,3.17903937198206
"HOXD-AS2","HOXD-AS2",0.564662515137319,0.0125501259150072,0.00148549414378018,158.689573821917,3.17750248995608
"ZNF295-AS1","ZNF295-AS1",1.04302573896937,0.0126934970785139,0.00150821898492297,6.36467940007851,3.1730974368784
"AKR1C3","AKR1C3",0.604875464850994,0.0127354820904006,0.00151609445263713,2701.56921990583,3.17158509050905
"BIRC6-AS2","BIRC6-AS2",0.714364269975061,0.013061774895418,0.00156283354466693,11.0908234641955,3.16275582354399
"BEND5","BEND5",0.567345154185339,0.0131539157266061,0.00157683987307873,136.736904969682,3.16015729177091
"TMEM88","TMEM88",0.753644370426054,0.0132156753473273,0.00158673981842178,101.562137434781,3.15833338710746
"AC011592.1","AC011592.1",0.916229683445685,0.0132519882473116,0.00159310236892007,3.68327503791636,3.15716671239998
"SELENOP","SELENOP",0.531087138078444,0.0132840157199829,0.00160174368785351,43639.5029313162,3.15558903933585
"AC093772.1","AC093772.1",1.23232231630181,0.0133308684586114,0.00161165057491996,3.20576199300619,3.15378991889825
"LINC00924","LINC00924",0.699390244812172,0.0134352239622541,0.00162578950285617,206.247373096883,3.15123979879058
"IGFBP7-AS1","IGFBP7-AS1",0.66959882996507,0.0134722664534497,0.00163128996121146,10.286087909177,3.15025323870701
"AC023043.1","AC023043.1",0.705985779472602,0.0136065644724406,0.00165423417856034,30.5527087777383,3.14617071583013
"AC115223.1","AC115223.1",0.661394185803395,0.0137618325072806,0.00167908432948734,33.0881991241162,3.14180742526399
"AC055876.2","AC055876.2",1.14850417830825,0.0137968807362714,0.00168571205187584,4.47047081008194,3.14065373978521
"NEXN-AS1","NEXN-AS1",0.735017638813404,0.0138511275470539,0.00169495644432761,34.4409300039119,3.13905152078695
"LINC00601","LINC00601",0.74582398521164,0.013939898039221,0.00171108575047901,8.59745680653666,3.13627517181398
"SLPI","SLPI",1.25994471137977,0.0139821177044013,0.00171932117606941,558.848859878832,3.13486687195451
"FAM198A","FAM198A",0.797939439180645,0.0140569460635543,0.00173395023980901,192.623243132261,3.13238045512154
"AC015849.3","AC015849.3",0.7012679095154,0.0141040828030138,0.00174402746663132,23.1232081094702,3.13067888375991
"SIGLEC17P","SIGLEC17P",0.737014398179088,0.014327698987263,0.00178196324251275,45.9997276869285,3.12435334896145
"AC124067.2","AC124067.2",0.752416342428104,0.0144096233140292,0.00179868508177689,30.7124463845233,3.12160432115277
"LINC02223","LINC02223",0.755978891764058,0.0145625412083429,0.00182602570064944,12.2914937702059,3.11715978923495
"AC083805.3","AC083805.3",0.764403545285141,0.0147618777184182,0.00185640494761764,10.9201926079456,3.11229245403537
"RSPO4","RSPO4",1.46861539021967,0.0147627197738352,0.00185782869601113,64.7193555706101,3.1120661420682
"TCIM","TCIM",0.684191973262783,0.0148002735800004,0.00186482032838146,378.588698408548,3.11095709409907
"LINC01230","LINC01230",1.37253308309134,0.0148040133504461,0.00186693099715853,23.1666304557914,3.11062303978865
"AP001363.1","AP001363.1",0.771788853144965,0.0149895466069209,0.00190108836599167,6.33555571966287,3.1052646605779
"LINC01013","LINC01013",0.733586474173712,0.0150177348213214,0.00190584645694238,73.4763478453652,3.1045252716602
"AC087203.3","AC087203.3",0.560028011766312,0.0150364559375064,0.00191044623211432,46.7850394311607,3.10381209425658
"RAMP2","RAMP2",0.572924754600789,0.0151110159591024,0.00192334477185447,2427.21398710209,3.10182060365938
"AC012404.2","AC012404.2",1.05515099836582,0.0152016063721838,0.00194119269855232,5.72065387670163,3.09908507518666
"ARHGAP15","ARHGAP15",0.52555292895726,0.0153860197064319,0.00196881063680852,606.380937238489,3.09489728797142
"IGLON5","IGLON5",1.23770882250825,0.0154421472288396,0.00198066001140619,16.7631590710251,3.09311704438119
"U73166.1","U73166.1",0.620076554404141,0.0154701493188783,0.00198542057638103,27.9409465659114,3.09240457122776
"ATP6V1G2","ATP6V1G2",0.554737932219129,0.0156816175919202,0.00202500165964651,22.2137610572692,3.08654078298866
"AL139339.1","AL139339.1",0.553937701120775,0.0156816175919202,0.002023239909545,16.3167283009687,3.08679953376709
"SMCR5","SMCR5",0.806245156000671,0.0157602476355814,0.00204230040387035,5.60736553070923,3.0840110054124
"AC009630.1","AC009630.1",0.691113637674612,0.0158160383770626,0.00205072513922244,6.24427414530439,3.08278607885368
"AP005131.3","AP005131.3",0.788784155129908,0.0159286888846113,0.00206894224886825,7.31603781994873,3.08015308314189
"CCDC169","CCDC169",0.527760995634546,0.0159561739293283,0.0020758004198749,42.7926073045279,3.07916735034233
"AL162171.1","AL162171.1",0.570191656436695,0.0160000268944516,0.00208364852110675,19.2187193388071,3.07804299240658
"AL359555.4","AL359555.4",0.894037178866127,0.0161089348295158,0.00209904855593336,13.4679967484894,3.07584795110473
"C22orf31","C22orf31",0.692172296034594,0.0161724454393497,0.00210915718979315,8.2790968577101,3.07441513437326
"LY6E-DT","LY6E-DT",0.567753431687373,0.0163500691123785,0.00213911705527851,28.0783202354319,3.07020525716711
"RPL17-C18orf32","RPL17-C18orf32",0.537138956910166,0.0163836329388763,0.0021478411083872,168.021161743545,3.06898954070136
"AL645608.4","AL645608.4",0.850535817218506,0.016470329107482,0.00216169569380756,5.24463042624888,3.06706814562217
"LINC01117","LINC01117",0.623517177709824,0.0168114091910842,0.00221979958150437,53.9741859659665,3.0591311378132
"LINC01779","LINC01779",1.02025428848873,0.0168600981023943,0.00222755014272772,3.64643552915319,3.05808683925586
"PTGFR","PTGFR",0.68715660335007,0.0168600981023943,0.00222729121364823,3146.31212857819,3.05812167315737
"RN7SL329P","RN7SL329P",0.972316228664128,0.0170057161009754,0.00225336301556691,4.48356638327006,3.05463270183405
"EEF1A1P3","EEF1A1P3",0.688780537134792,0.0173342023200256,0.0023097862247433,18.7130039306026,3.04720695348925
"DRD2","DRD2",1.01359054664434,0.0173404046924439,0.00231126781347774,9.98132545247871,3.04701421240162
"LCN6","LCN6",0.774257717194098,0.0173661703204638,0.00231535815712407,57.9159066821741,3.04648268311678
"IL13RA2","IL13RA2",0.781745734517201,0.0175141707232426,0.00233773717047173,195.826131313616,3.04358972500541
"CYP19A1","CYP19A1",1.10961392706929,0.017633151569076,0.00235894781465481,83.8062889273845,3.04087111794244
"LINC00323","LINC00323",0.830945363766667,0.0178909681230805,0.00240087342828146,13.21656121951,3.03556264473491
"AL121821.1","AL121821.1",0.680499388215611,0.0179708836053853,0.00241838707175875,10.3796516734286,3.03337022047514
"AL136441.1","AL136441.1",0.783849861858461,0.017995530633516,0.00242270493042088,9.97909217140187,3.03283192807009
"STMN2","STMN2",1.65930721492254,0.018008853164854,0.00242621823211566,176.118165595078,3.03239458448699
"RHCE","RHCE",0.604830981674601,0.0180714830595894,0.00243670418374984,29.4444465587644,3.03109270798708
"FAM3B","FAM3B",1.05096231564612,0.0181056636271154,0.00244268105377721,52.3896070155514,3.03035294591
"RN7SL180P","RN7SL180P",0.963363189559405,0.0182324307426959,0.00246322763745818,4.16202866530327,3.02782245145992
"CLEC4GP1","CLEC4GP1",0.977119166022961,0.0184168527233344,0.00249597439208651,32.579497760509,3.02382904250063
"LTC4S","LTC4S",0.592791657728552,0.0184168527233344,0.0024964927867061,411.202004224308,3.02376621148174
"TBR1","TBR1",1.00338232423383,0.0184174263437259,0.00249726635489185,6.34814909397959,3.0236724748348
"AL158209.1","AL158209.1",0.991251022342081,0.0184189851400237,0.00249817358618328,2.92266141019773,3.02356257548298
"AC016355.1","AC016355.1",0.501672887410802,0.0184232954210424,0.00249945422407205,27.0159910041522,3.02340750487586
"HOXB13","HOXB13",1.19663048976531,0.0184293977915271,0.00250097838479601,23.0509147077415,3.02322304114292
"AC124067.4","AC124067.4",0.68259479983111,0.0187426654552017,0.00255269594491677,11.9712028491327,3.01702400698628
"BX284668.4","BX284668.4",0.534108202009561,0.0187458150357644,0.00255411081027697,30.9721800921373,3.01685603633573
"AC023355.1","AC023355.1",0.543939360405072,0.0189862971774923,0.00260309314507989,23.0279916482017,3.01109276388739
"RAMP3","RAMP3",0.516747472100275,0.0189862971774923,0.00260259840032211,2695.73771646825,3.01115047817545
"PDGFRL","PDGFRL",0.592937368986329,0.0190186299985984,0.00261040019588606,3312.09409993112,3.01024152807801
"CBX3P7","CBX3P7",1.26871457340008,0.0191615412042562,0.00263907361187296,4.30820282668838,3.00692212456743
"AL078590.3","AL078590.3",0.505511589513753,0.0192583153316117,0.00265712220299391,25.5715993800126,3.00484957993903
"LINC01993","LINC01993",0.849015887857666,0.0193843599371383,0.00267963931429178,6.82315382868338,3.00228187384411
"AC001226.2","AC001226.2",0.52072962732216,0.0195264577921111,0.00270223336327413,19.3275525213736,2.99972513778972
"CXCL12","CXCL12",0.530278737747514,0.0195543014101987,0.002708302881476,37528.9981877311,2.99904164180283
"AC026124.1","AC026124.1",0.906927273293587,0.0195708855933166,0.00271133920702301,11.1310574465697,2.99870024246857
"C9orf106","C9orf106",0.579178669772225,0.0196411987126774,0.00272376732937144,26.1045116936338,2.99730647660922
"SPATA22","SPATA22",1.29871751942092,0.0197532629418443,0.00275003868452515,9.01906553759092,2.99437926684505
"CLMAT3","CLMAT3",0.647499121158722,0.0198938320949208,0.00277808229701997,15.3639464248129,2.99128264328182
"AC126768.3","AC126768.3",0.636416284768061,0.0198938320949208,0.00277862772507168,52.5553798881695,2.99122269973415
"KCNMB2","KCNMB2",1.13802358132194,0.0198969677240014,0.00277981739557056,6.10778687644327,2.99109199003136
"AL355353.1","AL355353.1",0.73111812962465,0.0199379407609222,0.00278658721681165,8.3658043938969,2.99034915749772
"ADM5","ADM5",0.83215801520744,0.020167442935396,0.00283741575017624,342.342630759849,2.98482395123407
"AC119403.1","AC119403.1",0.711789829315956,0.0202275225830337,0.00284739692260317,5.633050300923,2.98374959672003
"SPATA9","SPATA9",0.654163187864772,0.020393953262203,0.00288315286210901,12.7221370264645,2.97992890939382
"AL023581.2","AL023581.2",0.87674855007957,0.0204119857836446,0.00288647333817605,4.28492203021999,2.97957629952085
"AC244669.1","AC244669.1",0.576424928678096,0.0205804295185474,0.00291323344937688,185.436883207883,2.97674801385229
"AC012470.1","AC012470.1",0.907806125434893,0.0207570880678864,0.00294951938393734,5.67958487248673,2.97295057932498
"TPSB2","TPSB2",1.01534048595117,0.0208243757276981,0.00296131135437893,2389.57283286572,2.97172568888359
"AC007032.1","AC007032.1",0.659512629014179,0.0210891988609328,0.00300454754258105,13.9030092284152,2.96727228127077
"AC084030.1","AC084030.1",1.13500227102405,0.021158588603857,0.00301683151577152,6.32813033805871,2.96601767449859
"AL109659.1","AL109659.1",0.988492817938418,0.0213130751603858,0.00304610538107747,5.62014182250864,2.96304651101249
"AC123912.2","AC123912.2",0.921899670737159,0.0216355532021524,0.00310118587211327,2.78479934190299,2.9575260069491
"HAS2","HAS2",0.606981210454404,0.0219976744205635,0.00316223322264703,992.854712340798,2.95151096117511
"FLJ37035","FLJ37035",0.51826203484683,0.0220201032301334,0.00316712127383421,33.6900055925581,2.9510339263523
"AC080013.1","AC080013.1",0.519658606710562,0.0220332002687957,0.00317150224882359,26.8032157970157,2.95060694804032
"MEG8","MEG8",0.673031084791653,0.0220349475483339,0.00317258623698291,98.6150109299083,2.95050138342095
"PAX9","PAX9",0.950268671721031,0.0223705552805679,0.00322935856009105,50.2562217194367,2.94501801819324
"AL353586.1","AL353586.1",0.728073721319491,0.0223934792402093,0.00323596209823948,5.6034159790709,2.94438592826914
"FAM237B","FAM237B",0.966205637117419,0.0225884824355436,0.00326935192907052,5.76803014234534,2.94120774147726
"AC002064.2","AC002064.2",0.995764598746708,0.0225969105465804,0.00327276069006069,5.03061193685048,2.94088494662225
"OR4K13","OR4K13",0.85069444274924,0.0225969105465804,0.00327224148797846,3.6226625365364,2.9409340930248
"DCLK1","DCLK1",0.503315106773508,0.0226380872165827,0.00328547990294043,2111.41519094434,2.93968318981768
"AC138207.2","AC138207.2",0.660147741741112,0.022661347828834,0.00329102803483463,8.53978232002986,2.93916030947259
"STEAP1B","STEAP1B",0.679127559996339,0.022746461810118,0.00330940437609145,35.6051907909324,2.93743415777494
"NOX4","NOX4",0.549452042558119,0.0230530767859214,0.00335836881206365,650.19451855532,2.93287702840952
"AC008147.3","AC008147.3",1.08395378269042,0.0230675322826202,0.00336221767147791,6.02594050682303,2.93252138432134
"APOF","APOF",0.808203761766976,0.0230691450660857,0.00336419585005444,4.97554036800374,2.93233873995893
"AC010325.1","AC010325.1",0.695723597482181,0.0230733436623411,0.00336567984737992,8.63854552627996,2.93220178732357
"FLJ31356","FLJ31356",0.711318727717326,0.0234100359623963,0.00342629035166887,6.51736983481913,2.92665471923832
"CCDC74B","CCDC74B",0.511164219440072,0.0236621069489065,0.00347582382289172,37.803471299197,2.92218735924626
"AC096644.4","AC096644.4",0.738604051737988,0.0237734083575432,0.00349923302584111,120.830647836196,2.92009624167985
"AC027279.1","AC027279.1",0.73068162058399,0.0240752371088155,0.00355821253427353,42.8791696832409,2.9148835762565
"C9orf153","C9orf153",0.747440609147435,0.0242722728329738,0.00359375258726905,5.35094119502437,2.91178034181764
"RASD1","RASD1",0.956216499581625,0.0243105906907796,0.0036030997498934,1392.31540268611,2.91096881701297
"BAALC","BAALC",0.753669974510923,0.0243350823852838,0.00360856845223616,236.436364005936,2.91049490928836
"IL12RB2","IL12RB2",0.718909688100839,0.0243519206906251,0.00361290538184611,117.694130430464,2.91011954311238
"AKR1D1","AKR1D1",0.95095544877572,0.0244687463271507,0.00363377319187921,4.32967038611069,2.9083191205256
"AL137009.1","AL137009.1",0.559972245193561,0.0245074395097055,0.00364523742301223,46.4835000802333,2.90733401322028
"SNHG18","SNHG18",0.549723296223977,0.0250565860966052,0.00375153011828351,262.369507256534,2.89833218613051
"LINC01119","LINC01119",0.571540631065751,0.0251074877934699,0.00376104836227693,19.4062919245426,2.89753744643423
"AC138123.1","AC138123.1",0.797033803962104,0.0251099454182627,0.00376426247382471,3.33258537792316,2.89726949232376
"MALRD1","MALRD1",0.739559285039355,0.025238159891041,0.00379015775310317,11.7305399303731,2.89511820860254
"C5orf38","C5orf38",0.840926636041301,0.0255090312424257,0.00384794930890023,91.5869707058485,2.89036486348253
"AL603839.3","AL603839.3",0.580369743378493,0.0255475860750341,0.00385658083728699,13.0166533015615,2.88966049654603
"OR4F17","OR4F17",0.719993875541257,0.0255552583841902,0.00385998424647672,23.6305185127375,2.88938315849663
"TFAP2A-AS2","TFAP2A-AS2",0.674893716504958,0.025654851544938,0.00388278097980301,16.3789777514004,2.88753119817693
"AC004156.1","AC004156.1",0.522031151198252,0.0258711209834934,0.0039272418342845,23.3309420454779,2.88394752924217
"AL137230.1","AL137230.1",0.635032694171185,0.0258903697902695,0.00393114194669588,8.56802655651733,2.88363492980212
"AC109992.2","AC109992.2",0.774436146846816,0.025929139234053,0.00394117875325769,9.43459301307514,2.88283175899116
"PKDCC","PKDCC",0.67793721213205,0.0259439718090707,0.00394614192086284,1223.68470979529,2.88243527983292
"ZNF385D-AS1","ZNF385D-AS1",0.91391809059119,0.0262044563434101,0.00400061234212552,5.31189459580995,2.87811345195719
"LINC01503","LINC01503",0.613937836607275,0.0263096698007866,0.0040206511142915,248.817077320248,2.87653695622933
"F13A1","F13A1",0.601791761398706,0.0264995709719245,0.00406268687914427,26548.4103519157,2.87325294994659
"AC024451.2","AC024451.2",0.635939840358303,0.0266213918127854,0.00408761079364399,6.29361599657683,2.87132032727668
"SLC1A7","SLC1A7",0.819230839205407,0.0267086283176239,0.00411103599972155,181.549686749058,2.86951364070277
"BASP1-AS1","BASP1-AS1",0.576696509561556,0.0268334295042942,0.00414124294552275,8.79522545720451,2.86719764801833
"RBP7","RBP7",0.902764557402868,0.0268513592404643,0.00414550473144353,388.605033895913,2.86687212793885
"AC064799.1","AC064799.1",0.567453182704548,0.02698073757092,0.00416984732656001,33.9238305272573,2.86501861231192
"AC002456.1","AC002456.1",0.867699206133504,0.0269929716516908,0.00417613545563687,7.07906976808995,2.86454141162717
"AC233723.1","AC233723.1",0.703245593835783,0.0269929716516908,0.00417610226231636,15.7218602852141,2.86454392892766
"STEAP1","STEAP1",0.581909463938166,0.0272380449962514,0.0042314723270462,1157.61678606486,2.86036982528926
"LOXL1","LOXL1",0.589426846823885,0.0272639540812844,0.00423652737679258,4692.64465574455,2.85999121958187
"LINC01140","LINC01140",0.633546202980965,0.0273957692725724,0.00426218511709747,1368.04913104688,2.85807583844598
"AC008050.1","AC008050.1",0.822628697202394,0.0275728730341801,0.00430015564944258,5.00334597874464,2.85526039306883
"AC025887.2","AC025887.2",0.664999791786633,0.0275865287527941,0.00430332756130895,12.5728843673566,2.85502622303083
"LHFPL6","LHFPL6",0.548000010225083,0.0276068665045032,0.00430858610185888,6858.30841083189,2.85463834981385
"NOSTRIN","NOSTRIN",0.534928530686221,0.0279742424725089,0.00438811646627591,648.639246276564,2.84882387718996
"CRYGN","CRYGN",0.900939949927902,0.0284066083326824,0.00447632941764397,5.51036791103459,2.84248530830274
"CHRDL2","CHRDL2",1.38925211354057,0.0284502303057524,0.00448535309478653,69.3190779320084,2.84184330585152
"GAL","GAL",1.48026687253352,0.0286042730584241,0.00451527304521844,88.1473090547569,2.83972294850644
"LINC01750","LINC01750",0.576140355335483,0.0288459273995954,0.00457389237583974,44.7904190397284,2.83560537287021
"FAM218A","FAM218A",0.613658624785068,0.0290543780396093,0.00461759346141062,12.3772382970867,2.8325666779789
"CPEB2-DT","CPEB2-DT",0.617575057354906,0.0290643657202926,0.00462207059830561,11.549661288705,2.83225683883712
"SNX32","SNX32",0.535551713317604,0.0293250348885051,0.00467991864968859,33.1480060337878,2.82827773085253
"COLEC10","COLEC10",0.928158368157587,0.0294128014986097,0.00470933744195505,2.78833715819221,2.82627119654279
"SPATA4","SPATA4",0.87558670235941,0.0294576913157766,0.00471875065846434,6.57252945804,2.82563155589085
"FRG1CP","FRG1CP",0.519733962385342,0.0295370453694641,0.00473704173158696,357.204617279676,2.8243919488083
"PHYHIPL","PHYHIPL",0.810133887593933,0.0297421597113439,0.00477648008699826,23.901106084486,2.82173383997498
"MARCH3","MARCH3",0.594187332514461,0.0297555565468021,0.00478445157214816,705.587087132341,2.82119898349782
"RPRM","RPRM",1.55699030286278,0.0298890980619173,0.00482060371099494,25.089166204922,2.8187833884808
"KCNJ8","KCNJ8",0.528829728430494,0.0298915092530294,0.00482212189770809,1008.22516326403,2.81868230613873
"LINC01615","LINC01615",0.654032332640772,0.0299283790927481,0.00482920046488826,73.1667353802311,2.81821138807571
"CACNB4","CACNB4",0.540513986388406,0.0301030190799237,0.00486989035098543,186.480129365933,2.81551645139492
"NFE2L3P1","NFE2L3P1",0.949692992940954,0.0301087701370149,0.00487195823404113,3.05223481620235,2.81538003783384
"AC109486.1","AC109486.1",1.09246916606873,0.0303279332804791,0.00491658777084649,12.6496896306818,2.81244861937645
"IFITM2","IFITM2",0.516316467960127,0.0303757585820756,0.00492893132003532,8303.23596967845,2.81164210290904
"C9","C9",0.848173251212168,0.0304560767979656,0.00494771733844317,4.62441500773455,2.81041814021311
"LIFR-AS1","LIFR-AS1",0.53166881801103,0.0306145883209794,0.0049769380613236,102.450054779711,2.8085226544525
"KCNG2","KCNG2",0.671028107957072,0.03062002346979,0.0049789784659026,17.966470324165,2.80839067399316
"RN7SL269P","RN7SL269P",0.899407722769091,0.0307305999527197,0.00499928079626775,6.08706435965469,2.80708010646946
"RNF144A-AS1","RNF144A-AS1",0.690944795343118,0.0310963740305338,0.00507640757814562,57.2026718888564,2.80214484692691
"PACRG","PACRG",0.58154205746085,0.0311671341778125,0.00509024680897914,22.7858567921216,2.80126646999949
"AL079343.1","AL079343.1",0.992050882424851,0.0311856530856872,0.0050991711401203,11.9528578982976,2.80070118623287
"AC002558.3","AC002558.3",0.731981486002543,0.0311856530856872,0.00510276412082479,34.8403508677417,2.80047385259639
"EIF3FP3","EIF3FP3",0.579175416752293,0.0311856530856872,0.00509973081515932,38.5604647057391,2.80066576517966
"NAP1L6","NAP1L6",0.902633483911337,0.0311929367095009,0.00510631284756762,7.16817189353132,2.80024946095644
"AC011467.1","AC011467.1",0.805372785826089,0.0312998454858345,0.00513565775281158,4.63230528399863,2.79839931864123
"AC007224.2","AC007224.2",0.883045327824496,0.0313128423846383,0.00514179571195856,5.45583600748754,2.79801354019872
"PTN","PTN",0.743530660644329,0.031369405996095,0.00515771864804132,1054.53599199763,2.79701470051761
"LINC00173","LINC00173",0.690477344673331,0.0314245980382755,0.00517391659113698,28.356281061421,2.7960014649173
"LINC01638","LINC01638",0.718586979632557,0.0315433163278151,0.00520061326285788,25.5557103469462,2.79433773712921
"TEX26-AS1","TEX26-AS1",0.578648753568685,0.0315739338782235,0.00521162556628351,45.330745385935,2.79365370123009
"AC089984.2","AC089984.2",0.850585155662646,0.0316817068137408,0.00523180854897658,19.6279324257373,2.79240340602215
"NRN1","NRN1",0.606924230763739,0.0317217874262848,0.00523962577459357,2008.62839782761,2.7919203150783
"MEST","MEST",1.02618519451816,0.0317488943331262,0.00524650208973115,1664.43785432132,2.791495908753
"TOLLIP-AS1","TOLLIP-AS1",0.615140230117933,0.0318654271488252,0.00526816688213605,49.8307993489063,2.79016203511512
"ANKRD31","ANKRD31",0.725456004122966,0.0319259142461618,0.00528286744033202,5.40162402056862,2.78925975949996
"AL133553.1","AL133553.1",0.82895762384144,0.0319421586708595,0.00528809321454177,5.6556712341752,2.78893956368006
"KCNQ1OT1","KCNQ1OT1",0.50220352192074,0.0319716941565521,0.00529539866191864,788.796099530472,2.78849241997821
"AL133346.1","AL133346.1",0.602814711759743,0.0319911018448826,0.00531051644175424,13.4853028548082,2.78756887446615
"LSP1P4","LSP1P4",0.5670313098335,0.0320379268519944,0.00532312117503995,248.301296527534,2.78680066452484
"FCF1P7","FCF1P7",0.87511147042522,0.0322290943088628,0.00536735727943088,8.82455819414025,2.78411758125769
"AC138207.7","AC138207.7",0.503858454951268,0.0322991288077109,0.00538135774082909,125.636202159155,2.78327256103226
"NDUFA9P1","NDUFA9P1",0.965981921181417,0.0324102232592699,0.00540843840478277,7.65152827994329,2.7816436822839
"AL162390.1","AL162390.1",0.824663589211264,0.0324124130395992,0.00541002836559557,12.0729935972665,2.78154827653703
"RPL36A-HNRNPH2","RPL36A-HNRNPH2",0.705294455551733,0.0326512633732435,0.00546346463712628,15.0842888925748,2.77835645886224
"AC009414.2","AC009414.2",0.674672158767646,0.0328713356813485,0.00551270766139658,58.7387403927644,2.7754399618323
"AP002518.1","AP002518.1",0.729451489779182,0.0330469361949821,0.00555678120826027,6.75789977516144,2.77284950702034
"AC008277.1","AC008277.1",0.831325046037149,0.0332047965148939,0.00559497496907427,3.23483631280147,2.77061959290896
"AC020912.1","AC020912.1",0.754520733117619,0.0333280076652167,0.00562077245900969,7.25870173722437,2.76912118427815
"LEFTY2","LEFTY2",1.07112121068747,0.0333627157581834,0.00562788642790769,80.9458560255258,2.76870907147755
"AL606763.1","AL606763.1",0.568802328510452,0.0336069815159141,0.00567924849146865,7.94454472729501,2.76574753056156
"LINC01915","LINC01915",0.613017479505969,0.033829153518503,0.0057359643730795,72.7307105534553,2.76250522473581
"CXCL14","CXCL14",1.1743577634722,0.0338681430618615,0.00574629611549603,11071.7572062631,2.76191770003855
"RNY1P16","RNY1P16",0.905754126851085,0.033901532517406,0.00575839454368592,3.90783510231804,2.76123092066168
"AC068481.1","AC068481.1",0.9340835192533,0.0339026434171018,0.00575995267848075,13.3322167640876,2.76114256617963
"AC011921.1","AC011921.1",0.695275946821909,0.0339041549851312,0.00576149038963014,3.42105295831281,2.76105539095412
"AC103769.1","AC103769.1",0.996701530427774,0.0339222786165994,0.00576713339282546,3.41773098544267,2.76073566002966
"AL445465.1","AL445465.1",0.735592765494491,0.0339235714033403,0.00576863481379859,4.7988072689428,2.76065063746766
"SERPINA3","SERPINA3",0.808423927987542,0.0340013418894589,0.00578589057539172,758.337040703589,2.7596749069418
"SNHG22","SNHG22",0.74191089302566,0.0342746756503893,0.00584776286362001,48.1341114632536,2.75619776195357
"HMGB1P39","HMGB1P39",0.784557842465543,0.0346465555719213,0.00594000790303294,4.5612456434758,2.75107479496745
"OR10H1","OR10H1",0.625847511406884,0.0348637827091849,0.00598831313970056,18.7204457437923,2.74842062928242
"BCYRN1","BCYRN1",0.740287498032338,0.0348678798367091,0.00599244343863349,439.805592544361,2.74819458329261
"AC012085.2","AC012085.2",0.897732467051533,0.0349048557530698,0.00600143558624129,20.5606504294733,2.74770293962909
"CPNE8-AS1","CPNE8-AS1",0.555346629485592,0.0351864544716441,0.00607112235339448,9.3723017985352,2.74391517401293
"RN7SL703P","RN7SL703P",0.904032197456751,0.0353321156203701,0.00610960343021776,3.54256581606781,2.74184032023912
"RPL7P1","RPL7P1",0.743113666470145,0.0353321156203701,0.00610771617375106,5.3162647555348,2.74194180400237
"NR2F2-AS1","NR2F2-AS1",0.561478927904397,0.0353986402895942,0.00613294275865104,64.8944466546673,2.7405876186204
"RPL5P23","RPL5P23",0.867113484938642,0.0354654584105827,0.00615007949316463,3.26351374821286,2.73967056199879
"CDH26","CDH26",0.579915812845062,0.0356413911907317,0.0061913603345417,28.7697772239688,2.7374708684656
"CHST8","CHST8",0.910741185374761,0.0362386972998924,0.00632387105021735,30.254043270937,2.73049803294073
"AC010280.2","AC010280.2",0.781231703406389,0.036523489283512,0.00639012727613224,3.91424129873926,2.72706075169707
"LINC02515","LINC02515",1.04133420462573,0.0365501729224561,0.00639942278552803,7.51537621951375,2.72658108145632
"FAM110D","FAM110D",0.578973665225322,0.0366328367583155,0.00642725051590983,873.960345339949,2.72514884319293
"LINC00906","LINC00906",1.24517409275643,0.0369751491948922,0.00650267556395116,4.85836912602084,2.72129473370221
"AC008728.1","AC008728.1",0.642871982096433,0.0370701475204053,0.00652918613246173,6.42776793558305,2.71994962936581
"AC083806.2","AC083806.2",0.599217723561867,0.0371159616547161,0.00654426661538252,11.0358520752528,2.71918665988607
"OR5H14","OR5H14",0.745304441266956,0.0371902635342098,0.00656158263269333,9.15191849628546,2.71831253542822
"AL360219.1","AL360219.1",0.790782881302659,0.0376691621307681,0.00667026948154104,3.76731373180493,2.71287285206059
"AC007448.3","AC007448.3",0.939388505470584,0.0377551136012717,0.00669372085061034,3.50589337029391,2.71170959203821
"AC012363.2","AC012363.2",0.972255193788463,0.0377954829289748,0.00671548438607309,3.43061315362466,2.71063332673856
"ZNF426-DT","ZNF426-DT",0.513537672874073,0.0377954829289748,0.0067154469178914,23.6400577077251,2.71063517694493
"AC079416.2","AC079416.2",0.792757524268277,0.0378835100314386,0.00673684996478829,10.654598516168,2.70957978696133
"GUSBP2","GUSBP2",0.547026141597975,0.0378988108261004,0.00674100273411465,31.528667452757,2.70937536196867
"C1GALT1C1L","C1GALT1C1L",0.54738600192083,0.0380254776369556,0.0067707157846149,46.4430898714641,2.70791599526419
"AC008738.7","AC008738.7",0.708126791224334,0.0381365471940805,0.00679193333608734,92.8514201746419,2.70687740635294
"AL138762.1","AL138762.1",0.502258541813969,0.0381839043164261,0.00680230160041283,14.8717892464416,2.70637094494217
"Z97200.1","Z97200.1",0.705236977241332,0.0384725286306159,0.00687502589530444,106.634455179723,2.70283793252444
"AC112512.1","AC112512.1",0.779429882894747,0.0387024174131857,0.00693219090089967,3.75244062429485,2.70008429690508
"CDKN1C","CDKN1C",0.567557271425506,0.0387306632065985,0.00694163989013953,1663.71380446772,2.69963110535723
"LINC02482","LINC02482",0.584008020105684,0.0388438256165491,0.00696338934415828,32.1763933602414,2.69859006202332
"AC015656.1","AC015656.1",1.01090082471817,0.0390983259120935,0.00701787549240079,7.32040155431447,2.69599483474147
"LINC01816","LINC01816",0.543276418586913,0.0390983259120935,0.00701783276321272,13.2850046918234,2.69599686287339
"GS1-124K5.4","GS1-124K5.4",0.581727273638042,0.0392666495677805,0.00705550588780703,21.6570302049002,2.69421300651834
"AL157886.1","AL157886.1",0.657197255395043,0.0397326945990965,0.00717677331513395,5.50763963539163,2.68852838794113
"AC123595.1","AC123595.1",0.594645792531161,0.0398020190048105,0.00719318038319709,7.74898441164934,2.6877659119864
"IGFBP2","IGFBP2",0.545054199638097,0.0399141329807084,0.00722160953736872,1619.59293167299,2.68644842875961
"RPL23AP32","RPL23AP32",0.969081184567821,0.0399964172983344,0.00725009672437222,6.80828387097129,2.68513291694547
"CDR1","CDR1",1.16006223055996,0.0400288077956556,0.00726009393218048,35.0752021806394,2.68467235460857
"MT1X","MT1X",0.776018106119095,0.0400514483851843,0.00726739970115255,5374.15490324906,2.68433614420598
"SSTR2","SSTR2",0.54218175772864,0.0401575458301088,0.00729742629850035,178.38359488511,2.68295750175351
"LINC01436","LINC01436",1.10298889711833,0.0402056132561168,0.00731282823831578,39.1135651978804,2.68225231037222
"AL589843.1","AL589843.1",0.560934933837813,0.0402437181848127,0.00733054844715247,25.6532016672511,2.6814426216911
"PDE1A","PDE1A",0.519253055934908,0.040390233241265,0.00736420966497959,1120.43121797576,2.67990936546329
"SHBG","SHBG",0.558220419906736,0.0411325503126632,0.00754928140159877,8.40590560144089,2.67159004917793
"AC007906.2","AC007906.2",0.533364041144328,0.0412432099313938,0.00758049855741549,75.2697560150189,2.67020484164063
"AC090136.3","AC090136.3",0.631534478808785,0.0413672137038719,0.00760797900602397,13.8505352040786,2.66898967011143
"AC087071.1","AC087071.1",0.906978222395145,0.0423778842973673,0.00784989106917495,4.13709449712461,2.65845895951967
"AC125604.1","AC125604.1",0.795032717209174,0.0424306284208161,0.00786964080804097,5.83935190374179,2.65761212279277
"SPIN2A","SPIN2A",0.513064170142871,0.0424524395903131,0.00787813605605115,30.9583048771616,2.65724844578707
"RPL21P90","RPL21P90",1.00356683287885,0.0425351081119306,0.0079031191844979,2.79078939115592,2.65618096333073
"LINC00683","LINC00683",0.729690493925957,0.0426819603805223,0.00794975498416921,5.7404832499236,2.65419636412898
"AC093833.1","AC093833.1",1.26441353607736,0.0427660340916411,0.00797510840138806,3.32782955208523,2.6531218134671
"TPSAB1","TPSAB1",0.760645015556837,0.0429149088795547,0.00801482979833062,3239.73412575573,2.65144444149101
"AC016949.1","AC016949.1",0.673045230634499,0.0429149088795547,0.00801597722263659,22.7520987737122,2.65139609828127
"RN7SL801P","RN7SL801P",1.06472345660051,0.0429313854937409,0.00802540690706222,3.27825524625912,2.65099904192655
"THRB-IT1","THRB-IT1",0.644581165456694,0.0429988699804893,0.0080463074754405,12.1538614043544,2.65012046715322
"AC008026.1","AC008026.1",0.62378778294893,0.0432309394652886,0.00810263669527737,11.3762145512196,2.64776274985222
"AC005046.1","AC005046.1",0.74182431919565,0.043441902866917,0.0081545102678988,30.3146728233937,2.64560447022293
"AC114980.1","AC114980.1",0.508100610360388,0.0434679296095551,0.00817004608438312,42.0876673678725,2.64496047003265
"AC099518.6","AC099518.6",0.578719131970596,0.0435420470628153,0.00819384700668265,9.4289894906413,2.64397598219705
"AC009542.2","AC009542.2",0.805191317158184,0.0437245262760676,0.00824305361432533,7.50027659065561,2.64194871646543
"P4HA3","P4HA3",0.774174281431249,0.0439039677018869,0.00828711074987045,567.870808683816,2.6401427716479
"EGFL8","EGFL8",0.524440287898381,0.0439039677018869,0.00828863304956725,164.448081728803,2.64008052477751
"RN7SL199P","RN7SL199P",0.876128995955904,0.0440625751488626,0.00832842432542823,3.71705268505738,2.63845707560106
"RN7SL656P","RN7SL656P",0.876128995955904,0.0440625751488626,0.00832842432542823,3.71705268505738,2.63845707560106
"SALRNA2","SALRNA2",0.694079056322646,0.0442439092200996,0.00838275736668554,4.19163536237423,2.63625150504864
"AC002464.1","AC002464.1",0.768353150646841,0.0443274707758782,0.00840696298669796,3.931827545279,2.63527302801425
"LINC02271","LINC02271",0.902360087649294,0.0444189756753886,0.0084343863290832,3.60789479401212,2.63416751909028
"LIX1L-AS1","LIX1L-AS1",0.52181945769214,0.0444218452761541,0.00843660947535709,24.3230037530974,2.63407803899591
"AL627308.1","AL627308.1",0.941920700786766,0.0444982393021915,0.0084596986835337,2.77302685582262,2.63314995910588
"LNX1-AS2","LNX1-AS2",0.598264554703417,0.0449030468868888,0.00855347833125506,16.5798834152228,2.6294035822966
"AL139393.2","AL139393.2",0.506457766301716,0.0451853204592179,0.00863760593879152,198.811366059184,2.62607391099915
"TCP11","TCP11",0.732942169063753,0.0451946462229824,0.00864402835697071,7.08443109663128,2.6258209118942
"IZUMO1R","IZUMO1R",0.986475705583985,0.0452040086065819,0.00864834710732294,4.40123434912666,2.62565087729692
"AC010457.1","AC010457.1",0.830882444829401,0.0452245053905232,0.00866969312006558,6.08770265047815,2.6248115710657
"AC124947.1","AC124947.1",0.705737752945375,0.0452245053905232,0.00866598687329116,6.65089304943003,2.62495716479014
"FAXC","FAXC",0.664938714541358,0.0452266611147073,0.00867831092227128,16.9831521730937,2.62447325001332
"DYDC2","DYDC2",0.668440531016167,0.0452984428658437,0.00870235301570952,4.83385389816858,2.62353098094093
"AC058791.1","AC058791.1",0.738977300370695,0.0453383955861345,0.00871516705361941,99.6074953720564,2.62302971716188
"YES1P1","YES1P1",0.765019244487425,0.0454424806642643,0.00873860843179211,16.1694138596778,2.62211443165229
"AC003986.2","AC003986.2",0.71426345216811,0.0456922360097117,0.00879872027433981,12.6827446947331,2.61977730970368
"AC079210.1","AC079210.1",0.782937373947666,0.0458385054316379,0.00882861840985643,10.7360216871421,2.61862019114354
"CEP170P1","CEP170P1",0.635423807163517,0.0459536624288201,0.00886642313740542,5.39380940663494,2.61716207293376
"AP000894.2","AP000894.2",0.954190133664268,0.0466820544495127,0.00904223405352115,37.8571032927461,2.61045321047231
"CGREF1","CGREF1",0.510090769616264,0.0471936562597817,0.00918539060992067,413.435992820509,2.60507591298925
"CCL21","CCL21",1.17476498280686,0.0472970973318259,0.00921854717348181,1782.70066147747,2.60384115064089
"AC007342.1","AC007342.1",0.950327021274002,0.0473803034820507,0.00923834471535999,9.46944463478711,2.60310577162345
"AC016396.2","AC016396.2",0.777360545642033,0.0473888169454187,0.0092417950459878,6.64220266250907,2.60297775314483
"ANKRD36","ANKRD36",0.519914520681807,0.0474207203539449,0.00924980842447458,596.708356670901,2.60268059524637
"LINC02244","LINC02244",1.08492534358634,0.0474604235524043,0.00926651815024464,3.75598036540605,2.60206169136779
"AKR7L","AKR7L",0.510395720587131,0.0475407383368549,0.00928736781954508,16.2782168199736,2.60129084506998
"RPS2P46","RPS2P46",0.630305755201695,0.0475612237740887,0.00929698030931032,24.8569699440769,2.60093597558314
"BRINP1","BRINP1",1.27987625072894,0.0475657634030206,0.00930325879849778,16.4845082269532,2.60070436591349
"FCER1A","FCER1A",0.568510650153589,0.0477673151307713,0.00935215586120655,401.529427643517,2.59890534017609
"OR2V2","OR2V2",0.653722651377138,0.0478169137682311,0.0093704458693496,7.56278570537296,2.59823456833162
"RPL21P44","RPL21P44",0.642347996825172,0.0480140803316048,0.00941452555521664,16.0204726918441,2.59662276709855
"AC020658.2","AC020658.2",0.83169651795054,0.0480610649738862,0.00943100122688296,4.09081008921115,2.59602205178067
"CCDC144B","CCDC144B",0.593833867646463,0.0481301692147848,0.00945001660090056,166.686835187839,2.59532989953873
"DMRT3","DMRT3",0.594393601200292,0.0482100208123819,0.0094766231548915,96.2595812157889,2.59436351346101
"AC010890.1","AC010890.1",0.750462687879347,0.0482145260623309,0.00947933029688957,3.48186874288354,2.59426532207776
"LINC01886","LINC01886",0.682698208708319,0.0483693825748102,0.00951525841803758,21.1475971686043,2.59296452766196
"LINC01482","LINC01482",0.669865169060423,0.0485202540643344,0.00957052873562524,39.5266915117225,2.59097196648158
"AC126389.1","AC126389.1",0.828803292647042,0.0485936788166362,0.00960252787537205,4.90476781281245,2.58982304415361
"AC092042.3","AC092042.3",0.763740900903149,0.0485936788166362,0.00960344304242033,10.4053007706185,2.58979023551332
"LINC01473","LINC01473",0.692213435818605,0.0486645904593857,0.00962481132853089,7.13872652050051,2.58902497604296
"AC002553.1","AC002553.1",0.535217029155401,0.0487041941364064,0.00964000427219135,17.141909770326,2.58848179405636
"RPL11P3","RPL11P3",0.595258935459217,0.0488524726204974,0.00968148867632066,14.4495819928279,2.58700251058405
"LINC02207","LINC02207",0.858059073793994,0.0489487094877219,0.00970874323965922,6.80908173133535,2.58603371844554
"RPSAP36","RPSAP36",0.720246885002565,0.0490369980962019,0.00973112329167338,23.2744160314674,2.58524000680425
"TCEA1P2","TCEA1P2",0.515459516087547,0.0493774215940612,0.00982548942294458,14.039198002162,2.58191108992269
"SMKR1","SMKR1",0.683421265992332,0.0496046197715504,0.0098856915370784,70.7346079419931,2.57980221829801
"HCN4","HCN4",1.65670369165491,0.0496437191431053,0.00990661243393714,4.23599039664497,2.57907204077351
"AC005550.2","AC005550.2",0.848130778480067,0.0497281768305228,0.00994225364717696,9.54368967559019,2.57783125507695
"CAPN6","CAPN6",1.03414035144958,0.0497757399895035,0.00996304622253917,70.4663053139383,2.57710922729205
"CENPUP2","CENPUP2",1.05076424293986,0.0497912056008939,0.00996990402677614,3.88411459869462,2.57687138253879
"AC131009.4","AC131009.4",0.669139234967453,0.0499153628497423,0.0100014652458109,25.0350691267943,2.5757786404699
